Development_Name,HUD_Number,Tenant_Data_System,Consolidated_TDS_Number,Electronic_Data_Processing,Operating_EDP_Number,HUD_Number_2,Funding_Source,Conventional_Method,Building_Type,Number_of_Section_8_Transition_Apartments,Number_of_Current_Apartments,Total_Number_of_Apartments,Number_of_Rental_Rooms,Average_Number_of_Rental_Rooms,Population_Section_8_Transition,Total_Population,Number_of_Residential_Buildings,Number_of_Non_Residential_Buildings,Number_of_Stairhalls,Number_of_Stories,Total_Area_Square_Ft,Acres,Net_Area_Square_Ft,Excluding_Park_Acres,Building_Coverage_Square_Ft,Cubic_Space,Percentage_of_Building_Coverage,Density,Development_Cost,Per_Rental_Room,Average_Monthly_Gross_Rent,Address_Line1,Address_Line2,Address_Line3,Address_Line4,Borough,Community_District,US_Congressional_District,NY_State_Senate_District,NY_State_Assembly_District,NY_City_Council_District,Completion_Date,Federalized_Development,Senior_Development,Is_Electricity_Paid_by_Residents,Is_Private_Management
1010 EAST 178TH STREET,NY005011330,180,133,289,289,NY005090,FEDERAL,CONVENTIONAL,New Construction,,218,220,918,4.21,,462,1,,1,21,88172,2.02,88172,2.02,14961,1841787,16.97,228.71,5031405,5341,439.24,E TREMONT AVE,BRYANT AVE,E 178TH ST,BOSTON RD,BRONX,6,15,32,87,15,1971-03-31,,,,
104-14 TAPSCOTT STREET,NY005011670,242,167,361,283,NY005174,FEDERAL,TURNKEY,New Construction,,30,30,131,4.37,,69,1,,1,4,10000,0.23,10000,0.23,6983,351238,69.83,300,839110,6505,443.53,TAPSCOTT ST,UNION ST,SUTTER AVE,BLAKE AVE,BROOKLYN,16,9,20,55,41,1972-10-31,,,,
1162-1176 WASHINGTON AVENUE,NY005013080,233,308,354,344,NY005138,FEDERAL,TURNKEY,Rehabilitation,,65,66,293.5,4.52,,191,1,,1,6,18987,0.44,18987,0.44,12231,851926,64.42,434.09,2205187,7302,471.03,E 167TH ST,E 168TH ST,THIRD AVE,WASHINGTON AVE,BRONX,3,15,32,79,16,1975-12-31,,,,
131 SAINT NICHOLAS AVENUE,NY005010970,154,97,264,261,NY005065,FEDERAL,CONVENTIONAL,New Construction,,98,100,386,3.94,,171,1,,1,17,29359,0.67,29359,0.67,5759,771591,19.62,255.22,1880013,4694,480.3,SAINT NICHOLAS AVE,W 116TH ST,W 117TH ST,,MANHATTAN,10,13,30,70,9,1965-03-31,,,,
1471 WATSON AVENUE,NY005010670,214,67,332,222,NY005162,FEDERAL,TURNKEY,New Construction,,96,96,386,4.02,,166,1,,1,6,39937,0.92,39937,0.92,13337,810629,33.4,180.43,2278928,5814,403.1,WATSON AVE,COLGATE AVE,EVERGREEN AVE,,BRONX,9,15,32,85,17,1970-12-31,,,,
154 WEST 84TH STREET,NY005013590,359,359,840,840,NY005270,FEDERAL,TURNKEY,New Construction,,35,35,157.5,4.5,,83,1,,1,7,9621,0.22,9621,0.22,5774,361857,60.01,377.27,4503296,28412,534,AMSTERDAM AVE,W 84TH ST,COLUMBUS AVE,,MANHATTAN,7,10,29,69,6,1996-03-31,,,True,True
303 VERNON AVENUE,NY005010730,156,73,267,267,NY005068,FEDERAL,CONVENTIONAL,New Construction,,234,234,1101,4.71,,552,1,,1,24,110000,2.53,110000,2.53,11311,2207369,10.28,218.18,4703702,4272,489.27,VERNON AVE,MARCUS GARVEY BLVD,MYRTLE AVE,,BROOKLYN,3,8,18,54,36,1967-05-31,,,,
335 EAST 111TH STREET,NY005010640,203,64,320,219,NY005126,FEDERAL,TURNKEY,New Construction,,66,66,259,3.92,,118,1,,1,6,20205,0.46,20205,0.46,9143,530550,45.25,256.52,1241825,4651,423,SECOND AVE,E 111TH ST,FIRST AVE,E 112TH ST,MANHATTAN,11,13,29,68,8,1969-06-30,,,,
344 EAST 28TH STREET,NY005021850,185,153,452,452,NY005374,MIXED FINANCE/LLC2,CONVENTIONAL,New Construction,56,225,225,985.5,4.38,132,446,1,,1,26,44644,1.02,44644,1.02,7889,1946457,17.67,437.25,4980000,5053,441.98,E 27TH ST,NEW ST,E 28TH ST,FIRST AVE,MANHATTAN,6,12,27,74,2,1971-03-31,,,,
45 ALLEN STREET,NY005011000,265,100,380,312,NY005186,FEDERAL,TURNKEY,New Construction,,106,107,533,5.03,,241,1,1,2,14,39609,0.91,39609,0.91,8031,950162,20.28,264.84,4290021,7981,657.66,GRAND ST,ALLEN ST,HESTER ST,ELDRIDGE ST,MANHATTAN,3,7,26,65,1,1974-07-31,,,,
572 WARREN STREET,NY005011630,196,163,307,272,NY005103,FEDERAL,TURNKEY,New Construction,,200,200,815,4.08,,382,1,1,2,6,81700,1.88,81700,1.88,28530,1726301,34.92,203.19,5984598,7116,491.95,WARREN ST,BALTIC ST,THIRD AVE,FOURTH AVE,BROOKLYN,6,7,25,52,33,1972-08-31,,,,
830 AMSTERDAM AVENUE,NY005010820,150,82,258,258,NY005059,FEDERAL,CONVENTIONAL,New Construction,,159,159,727.5,4.58,,334,1,,1,20,28690,0.66,28690,0.66,7750,1375740,27.01,506.06,3631814,4992,469.7,W 101ST ST,AMSTERDAM AVE,W 100TH ST,,MANHATTAN,7,10,30,69,7,1965-08-31,,,,
ADAMS,NY005001180,118,118,248,248,NY005049,FEDERAL,CONVENTIONAL,New Construction,,925,925,4309.5,4.66,,2402,7,,7,15-21,408888,9.39,383068,8.79,56283,8181502,13.76,255.8,17878818,4149,469.44,WESTCHESTER AVE,UNION AVE,E 152ND ST,,BRONX,1,15,29,84,17,1964-08-31,,,,
ALBANY,NY005010310,31,31,524,524,NY005216C,FEDERAL,CONVENTIONAL,New Construction,,825,829,3786.5,4.59,,1949,6,,6,14,388389,8.92,388389,8.92,58455,7082630,15.05,218.5,8951000,2356,472.42,ALBANY AVE,SAINT MARKS AVE,TROY AVE,PARK PL,BROOKLYN,8,9,25,56,36,1950-10-14,1978/02/01-ATP 2,,,
ALBANY II,NY005010310,85,31,524,524,NY005216C,FEDERAL,CONVENTIONAL,New Construction,,400,400,1847,4.62,,1036,3,,3,13-14,214594,4.93,214594,4.93,26053,3249689,12.14,210.14,4666000,2540,456.63,BERGEN ST,TROY AVE,ALBANY HOUSES,ALBANY AVE,BROOKLYN,8,9,25,56,36,1957-02-07,1978/02/01-ATP 2,,,
AMSTERDAM,NY005010220,22,22,530,530,NY005220A,FEDERAL,CONVENTIONAL,New Construction,,1084,1084,5132,4.73,,2307,13,,24,13,446172,10.24,413534,9.49,100358,8233310,22.49,225.29,12262000,2391,528.81,W 61ST ST,W 64TH ST,WEST END AVE,AMSTERDAM AVE,MANHATTAN,7,10,31,67,6,1948-12-17,1978/07/01-ATP 3,,,
AMSTERDAM ADDITION,NY005021870,187,22,453,453,NY005366,MIXED FINANCE/LLC1,CONVENTIONAL,New Construction,22,175,175,762.5,4.36,57,345,1,,1,27,36154,0.83,36154,0.83,17562,1825587,48.58,415.66,7053000,9250,534.65,W 64TH ST,W 65TH ST,AMSTERDAM AVE,WEST END AVE,MANHATTAN,7,10,31,67,6,1974-01-31,,,,
ARMSTRONG I,NY005012100,210,210,325,325,NY005120,FEDERAL,CONVENTIONAL,New Construction,,369,371,1763.5,4.78,,1044,11,1,58,4-6,245481,5.64,245481,5.64,94311,4800020,38.42,185.11,14648872,8129,487.04,CLIFTON PL,MARCY AVE,GATES AVE,BEDFORD AVE,BROOKLYN,3,8,25,"56, 57",36,1973-05-31,,PARTIALLY,,
ARMSTRONG II,NY005012100,228,210,355,325,NY005116,FEDERAL,TURNKEY,New Construction,,248,248,1276,5.15,,754,5,1,17,4,162118,3.72,162118,3.72,67372,3123424,41.56,202.69,7802067,6114,521.83,GREENE AVE,GATES AVE,TOMPKINS AVE,MARCY AVE,BROOKLYN,3,8,25,56,36,1974-10-31,,,,
FHA REPOSSESSED HOUSES (GROUP IV),NY005012090,226,91,345,324,NY005159,FEDERAL,CONVENTIONAL,Rehabilitation,,15,21,86.5,5.77,,29,21,,,1-6,59855,1.37,59855,1.37,,,,21.17,535873,5440,945.85,19 QUEENS,1 BRONX,1 BROOKLYN,,,,,,,,1971-06-30,,,True,
ASTORIA,NY005000260,26,26,517,517,NY005213I,FEDERAL,CONVENTIONAL,New Construction,,1104,1104,5607,5.08,,3189,22,1,22,6-7,1406832,32.3,1151484,26.43,173434,10826559,12.33,98.73,14122000,2519,551.75,27TH AVE,8TH ST,HALLET'S COVE,EAST RIVER,QUEENS,1,12,12,37,22,1951-11-09,1977/07/01-ATP 1,,,
ATLANTIC TERMINAL SITE 4B,NY005011630,256,163,384,272,NY005189,FEDERAL,TURNKEY,New Construction,,299,300,1237.5,4.14,,604,1,,1,31,88155,2.02,88155,2.02,15382,2464800,17.45,299.01,10797972,8489,517.83,CLERMONT AVE,ATLANTIC AVE,CARLTON AVE,FULTON ST,BROOKLYN,2,8,25,57,35,1976-04-30,,,,
AUDUBON,NY005010030,125,3,444,444,NY005365,FEDERAL,CONVENTIONAL,New Construction,,168,168,833,4.96,,449,1,,1,20,27477,0.63,27477,0.63,9043,1585892,32.91,712.7,2817000,3382,498.84,W 154TH ST,W 155TH ST,AMSTERDAM AVE,,MANHATTAN,9,13,30,71,7,1962-04-30,1995/07/13-PTA,,,
BAILEY AVENUE-WEST 193RD STREET,NY005012020,202,202,311,311,NY005106,FEDERAL,CONVENTIONAL,New Construction,,233,233,980.5,4.21,,461,1,,1,20,99606,2.29,99606,2.29,13621,1877893,13.67,201.31,8091156,8173,440.81,BAILEY AVE,W 193RD ST,HEATH AVE,,BRONX,7,13,33,86,14,1973-05-31,,,,
BAISLEY PARK,NY005010910,91,91,240,240,NY005038,FEDERAL,CONVENTIONAL,New Construction,,384,386,1792,4.67,,948,5,1,8,8,325713,7.48,325713,7.48,54504,3529560,16.73,126.74,5856304,3246,504.04,LIRR,FOCH BLVD,116TH AVE,GUY BREWER BLVD,QUEENS,12,5,"10, 14",32,28,1961-04-30,,,,
BARUCH,NY005010600,60,60,215,215,NY005012,FEDERAL,CONVENTIONAL,New Construction,,2194,2194,10247,4.67,,5107,17,1,35,7-13,1196115,27.46,1101503,25.29,160098,17784205,13.38,185.98,36411155,3553,515.38,E HOUSTON ST,FDR DRIVE,DELANCEY ST,COLUMBIA ST,MANHATTAN,3,7,26,74,2,1959-08-06,,,,
BARUCH HOUSES ADDITION,NY005010600,198,60,383,215,NY005111,FEDERAL,CONVENTIONAL,New Construction (ELD),,197,197,646.5,3.28,,233,1,,1,23,47204,1.08,47204,1.08,6149,1268931,13.03,215.74,6622549,9907,304.8,COLUMBIA ST,DELANCEY ST,E HOUSTON ST,FDR DRIVE,MANHATTAN,3,7,26,74,2,1977-04-30,,EXCLUSIVELY,,
BAY VIEW,NY005020920,92,92,670,670,NY005368,MIXED FINANCE/LLC1,CONVENTIONAL,New Construction,308,1608,1610,7306,4.54,842,3572,23,2,25,8,1481844,34.02,1459244,33.5,228305,14262296,15.41,105,19575470,2676,479.33,SEAVIEW AVE,E 102ND ST,ROCKAWAY PKWY,SHORE PKWY,BROOKLYN,18,8,19,59,46,1956-06-07,,,,
BAYCHESTER,NY005021260,126,138,440,440,NY005367,MIXED FINANCE/LLC2,CONVENTIONAL,New Construction,127,440,441,1863,4.23,282,872,11,1,12,6,360248,8.27,360248,8.27,66835,3759170,18.55,105.44,8099000,4339,421.05,SCHIEFFELIN AVE,E 225TH ST,E 229TH ST,,BRONX,12,16,36,83,12,1963-10-31,,,,
BEACH 41ST STREET-BEACH CHANNEL DRIVE,NY005001650,165,165,282,282,NY005086,FEDERAL,CONVENTIONAL,New Construction,,712,712,3106,4.36,,1691,4,1,7,13,580000,13.31,580000,13.31,66756,6385727,11.51,127.05,24811000,7988,452.98,B 38TH ST,B 41ST ST,NORTON AVE,B CHANNEL DR,QUEENS,14,5,10,31,31,1973-11-30,,,,
BEDFORD-STUYVESANT REHAB,NY005010730,311,73,266,538,NY005255,FEDERAL,TURNKEY,Rehabilitation,,84,85,381,4.54,,184,3,,5,4-6,26000,0.6,26000,0.6,18283,856611,70.32,306.67,5219763,13316,476.14,THROOP AVE,VERNON AVE,MARCUS GARVEY BLVD,HART ST,BROOKLYN,3,8,18,54,36,1983-05-31,,,True,
BELMONT-SUTTER AREA,NY005010460,345,46,761,761,NY005282,FEDERAL,TURNKEY,New Construction,,72,72,336,4.67,,191,3,,8,3,80000,1.84,80000,1.84,24395,889912,30.49,103.8,5373534,15993,505.08,BELMONT AVE,JEROME ST,SUTTER AVE,BARBEY ST,BROOKLYN,5,8,19,60,42,1986-02-28,,,True,
BERRY,NY005000520,52,52,587,587,NY005271B,FEDERAL,CONVENTIONAL,New Construction,,506,506,2129,4.21,,950,8,1,17,6,604913,13.89,511178,11.74,77152,4520277,12.75,68.39,5929376,2785,462.51,RICHMOND RD,DONGAN HILLS AVE,SEAVER AVE,JEFFERSON ST,STATEN ISLAND,2,11,24,63,50,1950-10-27,1980/10/01-ATP 7,,,
BERRY STREET-SOUTH 9TH STREET,NY005011310,357,131,777,777,NY005288,FEDERAL,TURNKEY,New Construction,,150,150,711,4.74,,381,4,,15,3-6,129228,2.97,129228,2.97,39559,1341343,30.61,128.28,17062418,23999,544.17,SOUTH 9TH ST,BEDFORD & DIVISION AVES,SOUTH 11TH ST,WYTHE AVE,BROOKLYN,1,7,18,50,33,1995-09-30,,,True,
BETANCES I,NY005012110,211,211,326,326,NY005121,FEDERAL,CONVENTIONAL,New Construction,,309,309,1410.5,4.56,,710,13,,13,3-4-12-20,136173,3.13,136173,3.13,40862,2587665,30.01,226.84,8854586,6216,465.11,BROOK AVE,E 144TH ST,SAINT ANN'S AVE,E 143RD ST,BRONX,1,15,29,84,8,1973-05-31,,PARTIALLY,,
BETANCES II,,"220, 518, 519","084, 145, 211","294, 338, 300","326, 249, 294",NY005118,FEDERAL,TURNKEY,New Construction,,175,175,856.5,4.89,,477,4,,9,4-6,105015,2.41,105015,2.41,43313,2393548,41.24,197.93,6919291,8055,458.68,E 136TH ST,"E 140TH, 144TH STS",JACKSON AVE,WILLIS AVE,BRONX,1,15,29,84,8,1973-07-31,,,,
"BETANCES II, 13",NY005010840,518,84,300,294,NY005118,FEDERAL,TURNKEY,New Construction,,51,51,220.5,4.32,,116,1,,1,6,52523,1.21,52523,1.21,18780,621365,35.76,95.87,1796276,8055,396.98,E 140TH ST,JACKSON AVE,E 139TH ST,,BRONX,1,15,29,84,8,1973-07-31,,,,
"BETANCES II, 18",NY005011450,519,145,338,249,NY005118,FEDERAL,TURNKEY,New Construction,,78,78,428,5.49,,259,2,,5,4-6,25352,0.58,25352,0.58,9348,1192594,36.87,446.55,3447562,8055,478.22,WILLIS AVE,E 137TH ST,BROWN PL,E 136TH ST,BRONX,1,15,29,84,8,1973-07-31,,,,
"BETANCES II, 9A",NY005012110,220,211,294,326,NY005118,FEDERAL,TURNKEY,New Construction,,46,46,208,4.52,,102,1,,3,4,27140,0.62,27140,0.62,15185,579478,55.95,164.52,1675453,8055,494.39,E 146TH ST,SAINT ANN'S AVE,E 144TH ST,BROOK AVE,BRONX,1,15,29,84,8,1973-07-31,,,,
BETANCES III,,"222, 520, 521","084, 145, 211","339, 366, 356","326, 249, 294",NY005134,FEDERAL,TURNKEY,Rehabilitation,,67,67,337.5,5.04,,208,5,,5,5-6,49767,1.14,49767,1.14,28692,2677414,57.65,182.46,4846925,7289,464.75,E 136TH ST,"E 140TH, 144TH STS",JACKSON AVE,WILLIS AVE,BRONX,1,15,29,84,8,1973-07-31,,,,
"BETANCES III, 13",NY005010840,520,84,356,294,NY005134,FEDERAL,TURNKEY,Rehabilitation,,22,22,117,5.32,,79,2,,2,5,12860,0.29,12860,0.29,3480,479116,27.06,272.41,867345,7289,394.36,E 139TH ST,JACKSON AVE,,,BRONX,1,15,29,84,8,1973-07-31,,,,
"BETANCES III, 18",NY005011450,521,145,366,249,NY005134,FEDERAL,TURNKEY,Rehabilitation,,19,19,77.5,4.08,,44,1,,1,5,24894,0.57,24894,0.57,17906,1348772,71.93,77.19,2441684,7289,412.21,E 137TH ST,BROWN PL,E 136TH ST,WILLIS AVE,BRONX,1,15,29,84,8,1973-07-31,,,,
"BETANCES III, 9A",NY005012110,222,211,339,326,NY005134,FEDERAL,TURNKEY,Rehabilitation,,26,26,143,5.5,,85,2,,2,6,12013,0.28,12013,0.28,7306,849526,60.82,303.57,1537896,7289,562.69,E 145TH ST,SAINT ANN'S AVE,E 144TH ST,,BRONX,1,15,29,84,8,1973-07-31,,,,
BETANCES IV,NY005012110,230,211,349,326,NY005135,FEDERAL,TURNKEY,New Construction,,282,282,1366,4.84,,769,8,,19,3-4,189526,4.35,189526,4.35,74343,3694403,39.23,176.78,10758956,7853,501.31,E 143RD ST,E 147TH ST,WILLIS AVE,SAINT ANN'S AVE,BRONX,1,15,29,84,8,1973-12-31,,,,
BETANCES V,NY005012110,231,211,350,326,NY005136,FEDERAL,TURNKEY,Rehabilitation,,100,100,484,4.84,,317,6,,6,5-6,45308,1.04,45308,1.04,30557,2021785,67.44,304.81,5877679,7916,486.35,E 143RD ST,E 147TH ST,WILLIS AVE,SAINT ANN'S AVE,BRONX,1,15,29,84,8,1974-02-28,,,,
BETANCES VI,NY005012110,285,211,545,545,NY005217,FEDERAL,CONVENTIONAL,Rehabilitation,,155,155,726.5,4.69,,379,3,2,5,5-6,56604,1.3,56604,1.3,18582,993708,32.83,291.54,10480359,14337,516.12,E 147TH ST,E 146TH ST,SAINT ANN'S AVE,WILLIS AVE,BRONX,1,15,29,84,8,1982-10-31,,,True,
BETHUNE GARDENS,NY005010030,160,3,271,271,NY005070,FEDERAL,CONVENTIONAL,New Construction (ELD),,210,210,735,3.5,,254,1,,1,22,63546,1.46,63546,1.46,7751,1393115,12.2,173.97,3785397,5007,318.96,W 156TH ST,SAINT NICHOLAS AVE,AMSTERDAM AVE,,MANHATTAN,12,13,30,71,7,1967-03-31,,EXCLUSIVELY,,
BLAND,NY005011860,54,186,519,519,NY005213K,FEDERAL,CONVENTIONAL,New Construction,,399,400,1850.5,4.64,,898,5,,5,10,269800,6.19,245785,5.64,43237,3668503,16.03,145.07,5925000,3205,543.32,ROOSEVELT AVE,PRINCE ST,COLLEGE POINT BLVD,LIRR,QUEENS,7,6,11,40,20,1952-05-08,1977/07/01-ATP 1,,,
BORINQUEN PLAZA I,NY005012430,243,243,353,353,NY005175,FEDERAL,TURNKEY,New Construction,,509,509,2359.5,4.64,,1172,8,2,10,7,250875,5.76,250875,5.76,96902,4544080,38.63,203.47,15625047,6556,494.32,MANHATTAN AVE,BOERUM ST,BUSHWICK AVE,VARET ST,BROOKLYN,1,7,18,53,34,1975-02-28,,PARTIALLY,,
BORINQUEN PLAZA II,NY005012430,271,243,390,353,NY005195,FEDERAL,TURNKEY,New Construction,,425,425,2265.5,5.33,,1183,7,,7,7,184000,4.22,184000,4.22,61115,4223000,33.21,280.33,16411918,7244,576,BOERUM ST,HUMBOLDT ST,SEIGEL ST,BUSHWICK AVE,BROOKLYN,1,7,18,53,34,1975-12-31,,,,
BOSTON ROAD PLAZA,NY005010390,189,39,304,304,NY005095,FEDERAL,CONVENTIONAL,New Construction (ELD),,233,235,817.5,3.51,,274,1,1,2,20,84416,1.94,84416,1.94,15045,1589318,17.82,141.24,7125145,8452,364.57,MACE AVE,HOLLAND AVE,WARING AVE,BOSTON RD,BRONX,11,14,34,80,13,1972-08-31,,EXCLUSIVELY,,
BOSTON SECOR,NY005011380,138,138,254,254,NY005060,FEDERAL,CONVENTIONAL,New Construction,,538,538,2487,4.62,,1370,4,2,5,13-14-17-18,612889,14.07,612889,14.07,36181,4849474,5.9,97.37,11894964,4778,464.01,IRT-DYRE AVE LINE,BOSTON RD,STEENWICK AVE,,BRONX,12,16,36,83,12,1969-04-30,,,,
BOULEVARD,NY005020460,46,46,637,637,NY005369,MIXED FINANCE/LLC2,CONVENTIONAL,New Construction,364,1424,1441,5992,4.21,733,2837,18,,30,7-14,1127650,25.89,1127650,25.89,170051,12141094,15.08,109.58,13645438,2247,480.99,LINDEN BLVD,ASHFORD ST,WORTMAN AVE,SCHENCK AVE,BROOKLYN,5,8,19,60,42,1951-03-22,,,,
BOYNTON AVENUE REHAB,NY005010320,346,32,767,533,NY005249,FEDERAL,TURNKEY,Rehabilitation,,82,82,367,4.48,,188,3,,3,4-6,30000,0.69,30000,0.69,16455,999600,54.85,272.46,4943129,13396,472.65,WATSON AVE,WARD AVE,BRUCKNER BLVD,ELDER AVE,BRONX,9,15,32,85,18,1985-08-22,,,True,
BRACETTI PLAZA,NY005012920,264,292,379,370,NY005185,FEDERAL,TURNKEY,New Construction,,108,108,538,4.98,,266,1,,2,7,44353,1.02,44353,1.02,18790,1216072,42.36,260.78,4364419,8008,584.23,E 3RD ST,AVENUE C,E 4TH ST,AVENUE B,MANHATTAN,3,12,26,74,2,1974-05-31,,,,
BREUKELEN,NY005000560,56,56,212,212,NY005011,FEDERAL,CONVENTIONAL,New Construction,,1594,1595,7469,4.69,,3612,30,2,97,3-7,2830416,64.98,2141741,49.17,360423,14297000,12.73,55.59,18410273,2464,509.71,STANLEY AVE,FLATLANDS AVE,E 103RD ST,WILLIAMS AVE,BROOKLYN,18,8,19,"58, 60",42,1952-11-06,,,,
BREVOORT,NY005000650,65,65,213,213,NY005017,FEDERAL,CONVENTIONAL,New Construction,,894,896,4187,4.68,,1969,13,1,27,7,751896,17.26,687188,15.78,121363,7735916,16.14,114.08,11831887,2849,505.6,BAINBRIDGE ST,RALPH AVE,FULTON ST,PATCHEN AVE,BROOKLYN,3,8,25,55,41,1955-08-10,,,,
BRONX RIVER,NY005010320,32,32,533,533,NY005220D,FEDERAL,CONVENTIONAL,New Construction,,1245,1246,5938.5,4.77,,3062,9,1,10,14,607297,13.94,563737,12.94,84235,10772413,13.87,219.66,12719000,2131,482.78,BRONX RIVER AVE,HARROD AVE,E 174TH ST,,BRONX,9,15,32,85,18,1951-02-28,1978/07/01-ATP 3,,,
BRONX RIVER ADDITION,NY005010320,157,32,533,533,NY005220D,FEDERAL,CONVENTIONAL,New Construction (ELD),,226,226,640,2.83,,240,2,,2,7-14,62500,1.43,62500,1.43,12286,1529115,19.66,167.83,3928000,6128,273.99,E 172ND ST,E 174TH ST,MANOR AVE,HARROD AVE,BRONX,9,15,32,85,18,1966-02-28,1978/07/01-ATP 3,EXCLUSIVELY,,
BROWN,NY005012520,325,252,336,336,NY005277,FEDERAL,TURNKEY,New Construction (ELD),,200,200,700,3.5,,218,2,,2,6,99460,2.28,99460,2.28,29354,1493904,29.51,95.61,13425060,19179,339.11,EASTERN PKWY,PROSPECT PL,HOPKINSON AVE,SAINT MARKS AVE,BROOKLYN,16,8,20,55,41,1985-07-23,,EXCLUSIVELY,True,
BROWNSVILLE,NY005000160,16,16,512,512,NY005213D,FEDERAL,CONVENTIONAL,New Construction,,1336,1338,6280,4.7,,3248,27,,46,6-7,819997,18.82,732841,16.82,188564,10371638,23,172.58,12898000,2054,461.48,SUTTER AVE,DUMONT AVE,MOTHER GASTON BLVD,ROCKAWAY AVE,BROOKLYN,16,9,20,55,41,1948-04-16,1977/07/01-ATP 1,,,
BRYANT AVENUE-EAST 174TH STREET,NY005015300,235,530,352,748,NY005145,FEDERAL,TURNKEY,New Construction,,72,72,284,3.94,,135,1,,1,6,22500,0.52,22500,0.52,9879,672864,43.91,259.62,2132334,7315,448.7,E 174TH ST,BRYANT AVE,E 173RD ST,VYSE AVE,BRONX,3,15,32,79,17,1972-08-31,,,,True
BUSHWICK,NY005020860,86,86,430,430,NY005370,MIXED FINANCE/LLC1,CONVENTIONAL,New Construction,182,1220,1220,5673,4.65,506,2950,8,,8,13-20,697736,16.02,639260,14.68,78768,11288105,11.29,184.14,20346000,3599,469.23,HUMBOLDT ST,MOORE ST,BUSHWICK AVE,FLUSHING AVE,BROOKLYN,1,7,18,53,34,1960-04-01,,,,
BUSHWICK II (GROUPS A & C),NY005012470,302,247,565,546,NY005222,FEDERAL,TURNKEY,New Construction,,299,300,1446.5,4.84,,747,25,,25,3,402930,9.25,402930,9.25,102600,3200584,25.46,80.76,20840392,14235,541.54,CENTRAL AVE,HARMAN AVE,GREEN AVE,HALSEY ST,BROOKLYN,4,"7, 8",18,"53, 54","34, 37",1984-07-19,,,True,
BUSHWICK II (GROUPS B & D),NY005012470,303,247,566,546,NY005240,FEDERAL,TURNKEY,New Construction,,300,300,1450,4.83,,726,25,1,27,3,440392,10.11,440392,10.11,102600,3200584,23.3,71.81,19608177,13339,513.37,GATES AVE,WILSON AVE,MADISON AVE,EVERGREEN AVE,BROOKLYN,4,7,18,"53, 54","34, 37",1984-07-05,,,True,
BUSHWICK II CDA (GROUP E),NY005012470,324,247,758,546,NY005263,FEDERAL,TURNKEY,New Construction,,276,276,1212,4.39,,543,5,,37,3,300000,6.89,300000,6.89,84230,2198403,28.08,78.81,20078888,16539,473.44,KNICKERBOCKER AVE,WILSON AVE,GATES AVE,MENAHAN ST,BROOKLYN,4,7,18,53,37,1986-12-10,,,True,
BUTLER,NY005001130,113,113,435,435,NY005362,FEDERAL,CONVENTIONAL,New Construction,,1476,1492,7217,4.89,,4470,6,1,7,21,558096,12.81,558096,12.81,88255,13527100,15.81,348.95,29633000,4068,469.08,E 169TH ST,E 171ST ST,WEBSTER AVE,PARK AVE,BRONX,3,15,33,79,16,1964-12-31,1995/07/13-PTA,,,
CAMPOS PLAZA II,NY005012570,286,292,593,593,NY005264,FEDERAL,CONVENTIONAL,New Construction,,224,224,1088,4.86,,515,2,,3,9-17,93155,2.14,93155,2.14,29149,2470285,31.29,240.65,17601547,16193,589.27,AVENUE B,E 14TH ST,AVENUE C,E 13TH ST,MANHATTAN,3,12,27,74,2,1983-04-30,,,True,
CAREY GARDENS,NY005011660,166,166,288,288,NY005088,FEDERAL,CONVENTIONAL,New Construction,,682,683,3095,4.54,,1709,3,2,5,15-17,364406,8.37,364406,8.37,58078,6234149,15.94,204.18,16996504,5476,460.9,W 24TH ST,NEPTUNE AVE,W 22ND ST,SURF AVE,BROOKLYN,13,8,23,46,47,1970-11-30,,,,
CARLETON MANOR,NY005010750,164,75,270,226,NY005073,FEDERAL,CONVENTIONAL,New Construction,,169,174,728.5,4.31,,357,1,,1,11,145011,3.33,145011,3.33,14051,1386194,9.69,107.21,3373126,4498,435.49,ROCKAWAY FRWY,BEACH CHANNEL DR,,,QUEENS,14,5,10,31,31,1967-03-31,,,,
CARVER,NY005000580,58,58,534,534,NY005220E,FEDERAL,CONVENTIONAL,New Construction,,1246,1246,5770,4.63,,2648,13,,13,6-15,637132,14.63,594887,13.66,97568,10275141,15.31,181,24155000,4145,524.44,E 99TH ST,PARK AVE,MADISON AVE,E 106TH ST,MANHATTAN,11,13,30,68,8,1958-02-14,1978/07/01-ATP 3,,,
CASSIDY-LAFAYETTE,NY005011170,206,117,319,241,NY005122,FEDERAL,TURNKEY,New Construction (ELD),,378,380,1248,3.3,,424,4,1,5,6,224294,5.15,224294,5.15,54589,2858593,24.34,82.33,6866904,5315,307.31,CASSIDY PL,FILLMORE ST,LAFAYETTE AVE,CLINTON AVE,STATEN ISLAND,1,11,23,61,49,1971-09-30,,EXCLUSIVELY,,
CASTLE HILL,NY005020800,80,80,431,431,NY005371,MIXED FINANCE/LLC1,CONVENTIONAL,New Construction,318,2024,2025,9769,4.83,1001,5171,14,,14,10-20,1801346,41.35,1757585,40.35,176917,19247987,9.82,125.05,28454000,2915,459.06,OLMSTEAD AVE,HAVEMEYER AVE,LACOMBE AVE,CINCINNATUS AVE,BRONX,9,15,32,87,18,1960-12-15,,,,
CHELSEA,NY005021340,134,134,446,446,NY005372,MIXED FINANCE/LLC1,CONVENTIONAL,New Construction,57,425,425,1914.5,4.5,167,914,2,,4,21,74488,1.71,74488,1.71,18557,3689065,24.91,534.5,8776000,4584,520.66,W 25TH ST,W 26TH ST,NINTH AVE,,MANHATTAN,4,10,27,75,3,1964-05-31,,,,
CHELSEA ADDITION,NY005011340,176,134,451,451,NY005361,FEDERAL,CONVENTIONAL,New Construction (ELD),,96,96,336,3.5,,116,1,,1,14,44921,1.03,44921,1.03,14475,1021739,32.22,112.62,2402000,7149,326.05,CHELSEA PARK,W 26TH ST,TENTH AVE,,MANHATTAN,4,10,31,75,3,1968-04-30,1995/07/13-PTA,EXCLUSIVELY,,
CLAREMONT PARKWAY-FRANKLIN AVENUE,NY005013420,334,342,779,753,NY005253,FEDERAL,TURNKEY,New Construction,,187,188,729.5,3.9,,290,3,,13,3-7,134390,3.09,134390,3.09,35258,1584850,26.24,93.85,12645913,17252,377.74,CLAREMONT PKWY,FULTON AVE,E 171ST ST,THIRD AVE,BRONX,3,15,33,79,16,1986-12-16,,PARTIALLY,True,
CLAREMONT REHAB (GROUP 2),NY005013080,307,308,330,750,NY005246,FEDERAL,TURNKEY,Rehabilitation,,106,107,455,4.29,,263,6,,6,5-6,31874,0.73,31874,0.73,21948,3488634,68.86,360.27,11430362,24822,403.16,CLAY AVE,E 169TH ST,WEBSTER AVE,E 166TH ST,BRONX,4,15,32,77,16,1987-12-31,,,True,
CLAREMONT REHAB (GROUP 3),NY005013080,308,308,750,750,NY005223,FEDERAL,TURNKEY,Rehabilitation,,107,115,470.5,4.4,,272,5,,5,5,35423,0.81,35423,0.81,21985,1538950,62.06,335.8,7234594,14061,471.61,E 167TH ST,TELLER AVE,E 165TH ST,FINDLAY AVE,BRONX,4,15,32,77,16,1985-02-28,,,True,
CLAREMONT REHAB (GROUP 4),NY005013080,335,308,751,750,NY005273,FEDERAL,TURNKEY,Rehabilitation,,149,150,654.5,4.39,,352,9,,9,4-6,45636,1.05,45636,1.05,29519,2656710,64.68,335.24,10283674,15605,438.87,E 169TH ST,CLAY AVE,E 165TH ST,FINDLAY AVE,BRONX,4,15,32,77,16,1986-10-23,,,True,
CLAREMONT REHAB (GROUP 5),NY005013080,336,308,752,750,NY005274,FEDERAL,TURNKEY,Rehabilitation,,129,135,560.5,4.34,,312,3,,3,5,53898,1.24,53898,1.24,28605,2927721,53.07,251.61,8551169,14555,454.59,COLLEGE AVE,E 167TH ST,FINDLAY AVE,E 166TH ST,BRONX,4,15,32,77,16,1985-11-30,,,True,
CLASON POINT GARDENS,NY005012800,11,280,208,506,NY005007,FEDERAL,CONVENTIONAL,New Construction,,401,401,1893.5,4.72,,903,46,,192,2,742013,17.03,742013,17.03,154304,3388939,20.8,53.02,2067000,1116,546.75,STORY AVE,SEWARD AVE,NOBLE AVE,METCALF AVE,BRONX,9,15,34,85,18,1941-12-20,,,,
CLINTON,NY005001230,123,123,245,245,NY005045,FEDERAL,CONVENTIONAL,New Construction,,749,749,3526.5,4.71,,1753,6,2,8,9-18,243770,5.6,232673,5.34,51879,6740935,21.28,313.04,16774779,4756,498.08,PARK & LEX AVES,"E 104TH,106TH STS",E 108TH ST,E 110TH ST,MANHATTAN,11,13,30,68,8,1965-10-31,,,,
COLLEGE AVENUE-EAST 165TH STREET,NY005013080,236,308,351,344,NY005148,FEDERAL,TURNKEY,New Construction (ELD),,95,95,307.5,3.24,,98,1,,1,6,22146,0.51,22146,0.51,10022,784399,45.25,192.16,2518156,7869,278.38,E 166TH ST,FINDLAY AVE,E 165TH ST,COLLEGE AVE,BRONX,4,15,32,77,16,1972-07-31,,EXCLUSIVELY,,
CONEY ISLAND,NY005011700,94,170,671,671,NY005363,FEDERAL,CONVENTIONAL,New Construction,,534,534,2442,4.57,,1181,5,,5,14,298874,6.86,239429,5.5,38119,4912800,12.75,172.16,7728534,3165,537.98,SURF AVE,W 32ND ST,RIEGELMANN BRDWK,W 29TH ST,BROOKLYN,13,8,23,46,47,1957-02-25,1995/07/13-PTA,,,
CONEY ISLAND I (SITE 1B),NY005011660,239,166,335,288,NY005161,FEDERAL,TURNKEY,New Construction,,192,193,952,4.96,,528,1,,1,18,93061,2.14,93061,2.14,14078,1876990,15.13,246.73,7531412,7829,474.59,W 20TH ST,W 21ST ST,SURF AVE,MERMAID AVE,BROOKLYN,13,8,23,46,47,1973-05-31,,,,
CONEY ISLAND I (SITE 8),NY005011720,238,172,334,334,NY005157,FEDERAL,TURNKEY,New Construction,,124,125,626,5.05,,359,1,,2,14,61483,1.41,61483,1.41,11970,1187936,19.47,254.61,5853893,9255,542.7,W 35TH ST,W 36TH ST,SURF AVE,MERMAID AVE,BROOKLYN,13,8,23,46,47,1973-12-31,,,,
CONEY ISLAND I (SITES 4 & 5),NY005011700,216,170,328,278,NY005123,FEDERAL,TURNKEY,New Construction,,376,376,1879,5,,1045,1,1,6,17,187318,4.3,187318,4.3,38750,4017326,20.69,243.02,16603000,8808,521.09,MERMAID AVE,W 25TH ST,SURF AVE,W 28TH ST,BROOKLYN,13,8,23,46,47,1974-07-31,,,,
CONLON LIHFE TOWER,NY005010910,232,91,347,240,NY005137,FEDERAL,TURNKEY,New Construction (ELD),,214,216,701,3.28,,232,1,,1,13,51873,1.19,51873,1.19,11294,1325412,21.77,194.96,5835896,7973,331.38,170TH ST,172ND ST,JAMAICA AVE,93RD AVE,QUEENS,12,5,14,29,27,1973-03-31,,EXCLUSIVELY,,
COOPER PARK,NY005000690,69,69,223,223,NY005023,FEDERAL,CONVENTIONAL,New Construction,,700,700,3281,4.69,,1578,11,,13,7,528967,12.14,496296,11.39,86767,5878957,16.4,129.98,7702277,2346,489.09,FROST ST,MORGAN AVE,KINGSLAND AVE,MASPETH AVE,BROOKLYN,1,12,18,50,34,1953-06-25,,,,
CORSI HOUSES,NY005010640,199,64,359,219,NY005149,FEDERAL,CONVENTIONAL,New Construction (ELD),,171,171,512.5,3,,178,1,,1,16,32004,0.73,32004,0.73,20446,1361650,63.89,243.84,6600521,11882,283.75,E 116TH ST,E 117TH ST,FIRST AVE,SECOND AVE,MANHATTAN,11,13,29,68,8,1973-11-30,,EXCLUSIVELY,,
CROWN HEIGHTS,NY005013510,312,351,331,765,NY005258,FEDERAL,TURNKEY,Rehabilitation,,121,121,527.5,4.36,,263,8,,8,4,51255,1.18,51255,1.18,31650,1139400,61.75,222.88,7974650,15118,625.51,BUFFALO AVE,BERGEN ST,RALPH AVE,SAINT JOHNS PL,BROOKLYN,8,"8, 9","20, 25","55, 56",41,1986-09-04,,,True,
CYPRESS HILLS,NY005010700,70,70,536,536,NY005220G,FEDERAL,CONVENTIONAL,New Construction,,1441,1444,6598.5,4.58,,3401,15,,30,7,1264130,29.02,1264130,29.02,223364,12338237,17.67,117.2,14773000,2247,457.9,SUTTER AVE,EUCLID AVE,LINDEN BLVD,FOUNTAIN AVE,BROOKLYN,5,8,"18, 19",60,42,1955-05-25,1978/07/01-ATP 3,,,
DAVIDSON,NY005013420,190,342,301,301,NY005096A,FEDERAL,CONVENTIONAL,New Construction,,175,175,841.5,4.81,,484,1,,2,8,82967,1.9,82967,1.9,24796,1647000,29.89,254.74,8704709,10259,475.16,PROSPECT AVE,HOME ST,167TH ST,UNION AVE,BRONX,3,15,32,79,17,1973-08-31,,PARTIALLY,,
DE HOSTOS APARTMENTS,NY005011270,155,127,265,259,NY005066,FEDERAL,CONVENTIONAL,New Construction,,219,223,953.5,4.35,,463,1,,1,22,32690,0.75,32690,0.75,10319,1794597,31.57,617.33,4044899,4130,520.72,AMSTERDAM AVE,W 93RD ST,BROADWAY,W 94TH ST,MANHATTAN,7,10,30,69,6,1969-03-28,,,,
DOUGLASS ADDITION,NY005010820,148,82,569,569,NY005244B,FEDERAL,CONVENTIONAL,New Construction,,135,135,667.5,4.94,,325,1,,1,16,23957,0.55,23957,0.55,8884,1289500,37.08,590.91,3783000,5667,570.29,W 102ND ST,W 103RD ST,AMSTERDAM AVE,,MANHATTAN,7,10,30,69,7,1965-06-30,1979/08/01-ATP 4,,,
DOUGLASS,,"082, 582",82,569,569,NY005244B,FEDERAL,CONVENTIONAL,New Construction,,2056,2058,9276,4.51,,4252,17,,17,5-9-12-17-18-20,947991,21.76,863250,19.82,138552,17567741,14.62,195.4,37441000,4062,516.61,W 104TH ST,MANHATTAN AVE,W 100TH ST,AMSTERDAM AVE,MANHATTAN,7,13,30,69,7,1958-09-25,1979/08/01-ATP 4,,,
DOUGLASS I,NY005010820,82,82,569,569,NY005244B,FEDERAL,CONVENTIONAL,New Construction,,1303,1305,5809.5,4.46,,2665,11,,11,5-9-12-17-20,533018,12.24,533018,12.24,94508,10999163,17.73,217.73,22701754,3933,502.71,W 104TH ST,MANHATTAN AVE,W 100TH ST,COLUMBUS AVE,MANHATTAN,7,13,30,69,7,1958-09-25,1979/08/01-ATP 4,,,
DOUGLASS II,NY005010820,582,82,569,569,NY005244B,FEDERAL,CONVENTIONAL,New Construction,,753,753,3466.5,4.6,,1587,6,,6,9-12-17-18-20,414973,9.53,330232,7.58,44044,6568578,10.61,166.53,14739246,4277,540.74,W 104TH ST,COLUMBUS AVE,W 100TH ST,AMSTERDAM AVE,MANHATTAN,7,13,30,69,7,1958-09-25,1979/08/01-ATP 4,,,
DREW-HAMILTON,NY005021110,111,111,434,434,NY005373,MIXED FINANCE/LLC1,CONVENTIONAL,New Construction,241,1211,1217,5344.5,4.41,596,2881,5,,5,21,312188,7.17,292159,6.71,74433,9889060,23.84,401.81,25146000,4687,459.17,W 141ST ST,W 144TH ST,POWELL BLVD,DOUGLASS BLVD,MANHATTAN,10,13,30,70,9,1965-09-30,,,,
DYCKMAN,NY005000410,41,41,373,373,NY005183A,FEDERAL,CONVENTIONAL,New Construction,,1167,1167,5054.5,4.33,,2319,7,1,8,14,613884,14.09,570318,13.09,80457,9780114,13.11,164.58,14202915,2812,503.84,DYCKMAN ST,NAGLE AVE,W 204TH ST,TENTH AVE,MANHATTAN,12,13,31,72,10,1951-04-25,1972/06/29-FED TRAN,,,
EAGLE AVENUE-EAST 163RD STREET,NY005000590,224,59,343,236,NY005165,FEDERAL,TURNKEY,New Construction,,66,66,279,4.23,,131,1,,1,6,28125,0.65,28125,0.65,9828,598000,34.94,201.54,1710901,6078,457.02,EAGLE AVE,E 163RD ST,THIRD AVE,E 161ST ST,BRONX,3,15,32,79,17,1971-05-31,,,,
EAST 152ND STREET-COURTLANDT AVENUE,NY005010280,237,28,360,360,NY005154,FEDERAL,TURNKEY,New Construction,,221,221,913.5,4.13,,383,2,,2,11-14,63175,1.45,63175,1.45,21301,1801668,33.72,264.14,7717944,8330,369.78,E 151ST ST,E 153RD ST,COURTLANDT AVE,MELROSE AVE,BRONX,1,15,32,84,17,1973-08-31,,PARTIALLY,,
EAST 165TH STREET-BRYANT AVENUE,NY005015300,304,530,552,748,NY005226,FEDERAL,TURNKEY,New Construction,,111,111,588.5,5.3,,370,5,,19,3,137566,3.16,137566,3.16,41134,1286795,29.9,117.09,8178643,13874,616.56,WESTCHESTER AVE,LONGFELLOW AVE,ALDUS ST,HOE AVE,BRONX,2,15,32,85,17,1987-10-31,,,True,True
EAST 173RD STREET-VYSE AVENUE,NY005015300,338,530,778,748,NY005252,FEDERAL,TURNKEY,New Construction,,168,168,758,4.51,,423,7,,28,3,196060,4.5,196060,4.5,59524,1547624,28.46,94,12629936,16684,492.75,SOUTHERN BLVD,E 173RD ST,VYSE AVE,JENNINGS ST,BRONX,3,15,32,79,17,1987-10-31,,,True,True
EAST 180TH STREET-MONTEREY AVENUE,NY005012270,208,227,323,363,NY005124,FEDERAL,CONVENTIONAL,New Construction,,239,239,1052.5,4.4,,545,1,1,3,10,78743,1.81,78743,1.81,30800,2072776,39.11,301.1,8727000,8221,491.59,E 180TH ST,E 181ST ST,LAFONTAINE AVE,QUARRY RD,BRONX,6,15,33,86,15,1973-09-30,,,,
EAST NEW YORK CITY LINE,NY005010700,263,70,378,378,NY005171,FEDERAL,TURNKEY,New Construction,,66,66,409,6.2,,275,33,,33,3,84400,1.94,84400,1.94,26943,719300,31.92,141.75,2774644,6784,534.14,FOUNTAIN AVE,HEGEMAN AVE,LOGAN ST,,BROOKLYN,5,8,19,60,42,1976-03-31,,,,
EAST RIVER,NY005010090,9,9,207,207,NY005005,FEDERAL,CONVENTIONAL,New Construction,,1156,1170,4848,4.19,,2412,10,1,30,6-10,512822,11.77,466607,10.71,112140,7963515,21.87,204.93,5304700,1086,457.54,FIRST AVE,FDR DRIVE,E 102ND ST,E 105TH ST,MANHATTAN,11,13,30,68,8,1941-05-20,,,,
EASTCHESTER GARDENS,NY005010340,34,34,313,313,NY005114A,FEDERAL,CONVENTIONAL,New Construction,,876,877,4244,4.84,,2071,10,,15,7-8,653856,15.01,607396,13.94,115918,7891470,17.73,137.97,9514000,2244,517.58,BURKE AVE,BOUCK AVE,ADEE AVE,YATES AVE,BRONX,11,16,36,83,12,1950-06-01,1968/08/29-FED TRAN,,,
EDENWALD,NY005000570,57,57,214,214,NY005019,FEDERAL,CONVENTIONAL,New Construction,,2035,2039,9675.5,4.75,,5031,40,2,71,"3,14",2129275,48.88,2023005,46.44,344433,17847449,16.18,102.93,22862156,2359,523.8,GRENADA PL,BAYCHESTER AVE,E 225TH ST,LACONIA AVE,BRONX,12,16,36,83,12,1953-10-30,,,,
ELLIOTT,NY005011340,15,134,367,367,NY005181C,FEDERAL,CONVENTIONAL,New Construction,,607,608,2846.5,4.69,,1412,4,,8,9-12,204530,4.7,204530,4.7,45023,4301454,22.01,300.43,5042342,1808,542.4,W 25TH ST,CHELSEA PARK,NINTH AVE,TENTH AVE,MANHATTAN,4,10,"27, 31",75,3,1947-07-15,1972/06/29-FED TRAN,,,
FARRAGUT,NY005000290,29,29,532,532,NY005220C,FEDERAL,CONVENTIONAL,New Construction,,1389,1390,6515.5,4.69,,3277,10,,10,14,723570,16.61,723570,16.61,100746,11639930,13.92,197.29,15187000,2324,484.87,YORK ST,NASSAU ST,NAVY ST,BRIDGE ST,BROOKLYN,2,8,25,57,35,1952-05-07,1978/07/01-ATP 3,,,
FENIMORE-LEFFERTS,NY005011670,205,167,322,283,NY005129,FEDERAL,TURNKEY,New Construction,,36,36,180,5,,104,18,,18,2,33705,0.77,33705,0.77,20339,564300,60.34,135.06,633673,3520,658.78,FENIMORE ST,TROY AVE,LEFFERTS AVE,NOSTRAND AVE,BROOKLYN,9,9,20,43,"40, 41",1969-09-30,,,True,
FHA REPOSSESSED HOUSES (GROUP I),NY005012090,209,91,324,324,NY005140,FEDERAL,CONVENTIONAL,Rehabilitation,,24,40,125,5.21,,37,37,,,1-2,109109,2.5,109109,2.5,,,,14.8,864012,6912,723.86,36 QUEENS,1 BROOKLYN,,,,,,,,,1969-10-31,,,True,
FHA REPOSSESSED HOUSES (GROUP II),NY005012090,212,91,327,324,NY005155,FEDERAL,CONVENTIONAL,Rehabilitation,,11,27,59.5,5.41,,29,25,,,3,71102,1.63,71102,1.63,,,,17.79,638109,10725,859,24 QUEENS,1 BRONX,,,,,,,,,1970-09-30,,,True,
FHA REPOSSESSED HOUSES (GROUP III),NY005012090,213,91,340,324,NY005158,FEDERAL,CONVENTIONAL,Rehabilitation,,13,19,70.5,5.42,,28,18,,,1-2,48377,1.11,48377,1.11,,,,25.23,400255,5677,936.15,16 QUEENS,1 BRONX,1 BROOKLYN,,,,,,,,1971-04-30,,,True,
FHA REPOSSESSED HOUSES (GROUP V),NY005012090,260,91,397,324,NY005182,FEDERAL,CONVENTIONAL,Rehabilitation,,36,51,192,5.33,,81,46,,,1-2,140965,3.24,140965,3.24,,,,25,1241649,5899,726.79,43 QUEENS,3 BROOKLYN,,,,,,,,,1972-09-30,,,True,
FHA REPOSSESSED HOUSES (GROUP VI),NY005012090,273,91,395,324,NY005199,FEDERAL,CONVENTIONAL,Rehabilitation,,8,16,42,5.25,,14,14,,,1-1.5-2-2.5,46406,1.07,46406,1.07,,,,13.08,369711,8803,1033.75,14 QUEENS,,,,,,,,,,1976-07-31,,,True,
FHA REPOSSESSED HOUSES (GROUP VII),NY005012090,274,91,396,324,NY005197,FEDERAL,CONVENTIONAL,Rehabilitation,,7,14,40.5,5.79,,13,14,,,1-1.5-2-2.5,41138,0.94,41138,0.94,,,,13.83,453780,7824,947.14,14 QUEENS,,,,,,,,,,1976-07-31,,,True,
FHA REPOSSESSED HOUSES (GROUP VIII),NY005012090,275,91,520,324,NY005198,FEDERAL,CONVENTIONAL,Rehabilitation,,8,13,46,5.75,,21,13,,,1-1.5-2-2.5,34842,0.8,34842,0.8,,,,26.25,323522,7033,824.86,13 QUEENS,,,,,,,,,,1976-07-31,,,True,
FHA REPOSSESSED HOUSES (GROUP IX),NY005012090,283,91,376,324,NY005206,FEDERAL,CONVENTIONAL,Rehabilitation,,20,44,97,4.85,,41,20,,,1-1.5-2-2.5-3,50476,1.16,50476,1.16,,,,35.34,961472,9473,794.85,6 QUEENS,14 BROOKLYN,,,,,,,,,1983-01-31,,,True,
FHA REPOSSESSED HOUSES (GROUP X),NY005012090,284,91,521,324,NY005212,FEDERAL,CONVENTIONAL,Rehabilitation,,23,36,123.5,5.37,,53,35,,,1-1.5-2-2.5,99627,2.29,99627,2.29,,,,23.14,2059079,14152,806.22,35 QUEENS,,,,,,,,,,1983-01-31,,,True,
FIORENTINO PLAZA,NY005012610,207,261,375,375,NY005188,FEDERAL,CONVENTIONAL,New Construction,,158,160,787,4.98,,472,8,,10,4,95000,2.18,95000,2.18,42189,1916306,44.41,216.51,6138432,7712,480.97,GLENMORE AVE,VAN SICLEN AVE,PITKIN AVE,WYONA ST,BROOKLYN,5,8,19,55,37,1971-10-31,,,,
FIRST HOUSES,NY005012920,1,292,370,370,NY005181A,FEDERAL,CONVENTIONAL,New Construction,,126,126,448,3.56,,197,8,,8,4-5,53532,1.23,53532,1.23,24540,1411795,45.84,160.16,1384643,3653,401.64,E 2ND ST,E 3RD ST,AVENUE A,FIRST AVE,MANHATTAN,3,12,26,74,2,1936-05-31,1972/06/29-FED TRAN,,True,
FOREST,NY005000590,59,59,535,535,NY005220F,FEDERAL,CONVENTIONAL,New Construction,,1348,1350,6154,4.57,,3144,15,,15,9-10,771920,17.72,700087,16.07,125002,11465400,16.19,177.43,19576000,3186,456.07,TINTON AVE,E 163RD ST,TRINITY AVE,E 166TH ST,BRONX,3,15,32,79,16,1956-11-12,1978/07/01-ATP 3,,,
FOREST HILLS COOP (108TH STREET-62ND DRIVE),NY005002000,200,200,309,309,NY005108,FEDERAL,CONVENTIONAL,New Construction,,430,430,1794,4.17,,799,3,1,5,12,359923,8.26,359923,8.26,53683,3673511,14.92,96.73,29177120,16107,569.76,108TH ST,62ND DR,COLONIAL AVE,HORACE HARDING EXP,QUEENS,6,6,16,27,29,1975-11-30,,,,True
FORT INDEPENDENCE STREET-HEATH AVENUE,NY005012020,197,202,308,311,NY005110,FEDERAL,TURNKEY,New Construction,,342,344,1509,4.41,,749,1,,2,21,149152,3.42,149152,3.42,25162,3321343,16.87,219.01,10566070,6933,471.33,FT INDEPENDENCE ST,HEATH AVE,BAILEY AVE,SUMMIT PL,BRONX,8,13,33,81,14,1974-11-30,,,,
FORT WASHINGTON AVENUE REHAB,NY005013090,309,309,341,341,NY005266,FEDERAL,TURNKEY,Rehabilitation (ELD),,226,226,814,3.6,,274,1,,2,7,112034,2.57,112034,2.57,43735,3690779,39.04,106.61,16237236,19862,300.5,RIVERSIDE DR,W 163RD ST,FT WASHINGTON AVE,W 165TH ST,MANHATTAN,12,13,31,71,7,1985-10-01,,EXCLUSIVELY,True,
FRANKLIN AVENUE I CONVENTIONAL,NY005015310,525,531,479,482,NY005314,FEDERAL,CONVENTIONAL,Rehabilitation,,60,61,264,4.4,,130,3,,3,5,28251,0.65,28251,0.65,10811,649812,38.27,200,5015464,17629,491,E 169TH ST,FRANKLIN AVE,E 170TH ST,,BRONX,3,15,33,79,16,1994-08-31,,,True,True
FRANKLIN AVENUE II CONVENTIONAL,NY005015310,531,531,482,482,NY005346,FEDERAL,CONVENTIONAL,Rehabilitation,,45,45,196.5,4.37,,92,3,,3,5,19319,0.44,19319,0.44,8080,508109,41.82,209.09,3401250,17309,386,E 169TH ST,FRANKLIN AVE,E 170TH ST,,BRONX,3,15,33,79,16,1994-08-31,,,True,True
FRANKLIN AVENUE III CONVENTIONAL,NY005015310,524,531,480,482,NY005348,FEDERAL,CONVENTIONAL,Rehabilitation,,15,15,65.5,4.37,,36,1,,1,5,4200,0.1,4200,0.1,2803,150400,66.74,360,1189930,18167,450,FRANKLIN AVE,E 170TH ST,CLINTON AVE,JEFFERSON PL,BRONX,3,15,33,79,16,1994-08-31,,,True,True
FULTON,NY005001360,136,136,252,252,NY005053,FEDERAL,CONVENTIONAL,New Construction,,944,944,4223,4.47,,2172,11,1,12,6-25,272989,6.27,272989,6.27,70645,8097991,25.88,346.41,20727847,4866,599.23,W 16TH ST,W 19TH ST,NINTH AVE,,MANHATTAN,4,10,27,75,3,1965-03-31,,,,
GARVEY (GROUP A),NY005012520,252,252,381,381,NY005166,FEDERAL,CONVENTIONAL,New Construction,,320,321,1525,4.77,,804,3,1,6,"2, 6-14",142730,3.28,142730,3.28,40745,3257257,28.55,245.12,12599489,8168,481.69,EAST NEW YORK AVE,AMBOY ST,PITKIN AVE,,BROOKLYN,16,9,20,55,41,1975-02-28,,PARTIALLY,,
GLEBE AVENUE-WESTCHESTER AVENUE,NY005010670,225,67,342,222,NY005147,FEDERAL,TURNKEY,New Construction (ELD),,131,132,434.5,3.32,,148,1,,1,6,47204,1.08,47204,1.08,18734,1123122,39.69,137.04,3356367,7467,324.89,GLEBE AVE,WESTCHESTER AVE,CASTLE HILL AVE,LYON AVE,BRONX,10,14,34,87,18,1971-12-31,,EXCLUSIVELY,,
GLENMORE PLAZA,NY005011690,171,169,581,581,NY005267C,FEDERAL,CONVENTIONAL,New Construction,,440,440,1704,3.87,,841,4,,4,10-18,186180,4.27,186180,4.27,24838,4024811,13.34,196.96,10600000,6221,457.32,PITKIN AVE,GLENMORE AVE,WATKINS ST,POWELL ST,BROOKLYN,16,8,19,55,37,1968-04-30,1980/07/01-ATP 5,,,
GLENWOOD,NY005000440,44,44,584,584,NY005268B,FEDERAL,CONVENTIONAL,New Construction,,1187,1188,5210.5,4.39,,2582,20,,40,6,975095,22.39,915230,21.01,183856,10242805,18.86,115.32,12907133,2475,521.68,E 56TH ST,FARRAGUT RD,RALPH AVE,AVENUE H,BROOKLYN,18,8,21,59,45,1950-07-14,1980/07/01-ATP 6,,,
GOMPERS,NY005011000,100,100,237,237,NY005032,FEDERAL,CONVENTIONAL,New Construction,,473,474,2198.5,4.65,,1167,2,2,5,20,161016,3.7,161016,3.7,24555,4083496,15.25,315.41,9322807,4240,539.13,DELANCY ST,PITT ST,STANTON ST,,MANHATTAN,3,7,26,74,2,1964-04-30,,,,
GOWANUS,NY005000250,25,25,515,515,NY005213G,FEDERAL,CONVENTIONAL,New Construction,,1137,1139,5434.5,4.78,,2759,14,1,25,4-6-9-13-14,547663,12.57,502216,11.53,105659,9028680,19.29,219.49,11928000,2203,528.52,WYCKOFF ST,DOUGLASS ST,BOND ST,HOYT ST,BROOKLYN,6,7,25,52,33,1949-06-24,1977/07/01-ATP 1,,,
GRAMPION,NY005010300,281,30,507,503,NY005210,FEDERAL,CONVENTIONAL,Rehabilitation,,35,35,155.5,4.44,,74,1,,1,7,7144,0.16,7144,0.16,5000,377500,69.99,462.5,817621,5094,427.47,W 119TH ST,SAINT NICHOLAS AVE,,,MANHATTAN,10,13,30,70,9,1977-05-17,,,True,
GRANT,NY005000870,87,87,232,232,NY005030,FEDERAL,CONVENTIONAL,New Construction,,1940,1940,9138,4.71,,4477,9,1,10,13-21,655681,15.05,655681,15.05,101477,16701596,15.48,297.48,28783425,3150,503.17,W 125TH ST,MORNINGSIDE AVE,W 123RD ST,BROADWAY,MANHATTAN,9,13,30,69,7,1957-10-31,,,,
GRAVESEND,NY005011720,68,172,225,225,NY005025,FEDERAL,CONVENTIONAL,New Construction,,634,634,2951,4.65,,1533,15,,15,7,540725,12.41,540725,12.41,92855,5356500,17.17,123.53,7927996,2687,460.48,NEPTUNE AVE,BAYVIEW AVE,W 33RD ST,,BROOKLYN,13,8,23,46,47,1954-06-28,,,,
GUN HILL,NY005010470,40,47,579,579,NY005267A,FEDERAL,CONVENTIONAL,New Construction,,732,733,3126,4.27,,1482,6,,6,14,345256,7.93,314070,7.21,54684,6221645,15.84,186.89,8709286,2784,485.63,HOLLAND AVE,WHITE PLAINS RD,GUN HILL RD,MAGENTA ST,BRONX,12,16,36,83,12,1950-11-30,1980/07/01-ATP 5,,,
HABER,NY005011660,142,166,589,589,NY005271D,FEDERAL,CONVENTIONAL,New Construction (ELD),,380,380,1327,3.49,,447,3,,3,14,134432,3.09,134432,3.09,23903,2547605,17.78,144.66,7494000,5647,281.93,W 24TH ST,SURF AVE,REIGELMANN BRDWLK,W 25TH ST,BROOKLYN,13,8,23,46,47,1965-06-30,1980/10/01-ATP 7,EXCLUSIVELY,,
HAMMEL,NY005010750,75,75,226,226,NY005027,FEDERAL,CONVENTIONAL,New Construction,,711,712,3302.5,4.64,,1840,14,,14,7,616678,14.16,572678,13.15,107706,5991153,17.47,129.94,9618901,2909,409.66,B 86TH ST,HAMMELS BLVD,B 81ST ST,ROCKAWAY BCH BLVD,QUEENS,14,5,10,31,31,1955-04-20,,,,
HARBORVIEW TERRACE,NY005010220,262,22,377,377,NY005168,FEDERAL,TURNKEY,New Construction,,377,377,1493.5,3.96,,659,2,,2,14-15,120497,2.77,120497,2.77,22666,3139759,18.81,237.91,16721224,10911,495.84,W 54TH ST,W 56TH ST,TENTH AVE,ELEVENTH AVE,MANHATTAN,4,10,"27, 31",67,6,1977-06-30,,PARTIALLY,,
HARLEM RIVER,NY005010030,3,3,201,201,NY005042,FEDERAL,CONVENTIONAL,New Construction,,571,577,2218.5,3.89,,1013,7,,47,4-5,322075,7.39,313137,7.19,103777,5237933,32.22,137.08,4147782,2103,501.01,MACOMBS PL,HARLEM RIVER DR,W 151ST ST,W 153RD ST,MANHATTAN,10,13,30,71,9,1937-10-01,,,,
HARLEM RIVER II,NY005010030,147,3,256,201,NY005051,FEDERAL,CONVENTIONAL,New Construction,,116,116,515,4.44,,286,1,,1,15,28815,0.66,28815,0.66,7281,981227,25.27,433.33,2605601,5059,497.82,DOUGLASS BLVD,W 152ND ST,MACOMBS PL,W 151ST ST,MANHATTAN,10,13,30,71,9,1965-10-31,,,,
HARRISON AVENUE REHAB (GROUP A),NY005013410,347,341,772,762,NY005231,FEDERAL,TURNKEY,Rehabilitation,,34,34,146,4.29,,69,1,,1,5,9167,0.21,9167,0.21,6698,404958,73.07,328.57,2368803,16225,501,HARRISON AVE,W BURNSIDE AVE,GRAND AVE,KINGSLAND PL,BRONX,5,15,29,86,14,1986-09-01,,,True,True
HARRISON AVENUE REHAB (GROUP B),NY005013410,547,341,773,762,NY005287,FEDERAL,TURNKEY,Rehabilitation,,149,150,658.5,4.42,,314,4,,4,4-6,44753,1.03,44753,1.03,29954,1856310,66.93,304.85,10059298,15150,401,UNIVERSITY PL,W BURNSIDE AVE,GRAND AVE,KINGSLAND PL,BRONX,5,15,29,86,14,1986-12-01,,,True,True
HERNANDEZ,NY005011000,184,100,286,237,NY005085,FEDERAL,CONVENTIONAL,New Construction,,149,149,601.5,4.04,,269,1,,1,17,44689,1.03,44689,1.03,13167,1293680,29.46,261.17,3731491,6077,516.44,ALLEN ST,STANTON ST,ELDRIDGE ST,E HOUSTON ST,MANHATTAN,3,7,26,65,1,1971-08-31,,,,
HIGHBRIDGE GARDENS,NY005000780,78,78,229,229,NY005026,FEDERAL,CONVENTIONAL,New Construction,,700,700,3252,4.65,,1645,6,,6,13-14,496875,11.41,496875,11.41,55678,5837785,10.12,144.17,7547875,2321,488.27,SEDGWICK AVE,W 167TH ST,UNIVERSITY AVE,,BRONX,4,15,29,77,16,1954-06-18,,,,
HIGHBRIDGE REHABS (ANDERSON AVENUE),NY005015310,370,531,808,482,NY005312,FEDERAL,TURNKEY,Rehabilitation,,135,135,640.5,4.74,,364,4,,4,5-6,36729,0.84,36729,0.84,27249,1778952,74.19,433.33,13271641,20721,432,ANDERSON AVE,W 166TH ST,NELSON AVE,W 167TH ST,BRONX,4,15,29,"77, 84","08, 16",1997-04-30,,,True,True
HIGHBRIDGE REHABS (NELSON AVENUE),NY005015310,371,531,809,482,NY005313,FEDERAL,TURNKEY,Rehabilitation,,80,80,380,4.75,,212,3,,3,5-6,37492,0.87,37492,0.87,18840,1042289,50.25,243.68,8428841,22181,543,W 166TH ST,NELSON AVE,W 168TH ST,,BRONX,4,15,29,77,16,1996-10-31,,,True,True
HOE AVENUE-EAST 173RD STREET,NY005015300,215,530,333,748,NY005164,FEDERAL,TURNKEY,New Construction,,65,65,270.5,4.16,,143,1,,1,6,22000,0.51,22000,0.51,9242,602580,42.01,280.39,1583566,5801,445.63,HOE AVE,E 173RD ST,E 174TH ST,VYSE AVE,BRONX,3,15,32,79,17,1970-12-31,,,,True
HOLMES TOWERS,NY005011390,159,139,277,253,NY005069,FEDERAL,CONVENTIONAL,New Construction,,535,537,2068.5,3.87,,944,2,,2,25,122341,2.81,122341,2.81,19872,3893920,16.24,335.94,10435545,4952,445.63,FIRST AVE,ISAACS HOUSES,FDR DRIVE,E 92ND ST,MANHATTAN,8,12,28,68,5,1969-04-30,,,,
HOPE GARDENS,NY005012470,247,247,546,546,NY005218,FEDERAL,CONVENTIONAL,New Construction,,324,324,1409,4.35,,702,4,1,4,7-14,202500,4.65,202500,4.65,41000,351600,20.25,150.97,20632339,14504,456.44,LINDEN ST,WILSON AVE,GROVE ST,,BROOKLYN,4,7,18,53,37,1981-08-31,,PARTIALLY,True,
HOWARD,NY005000720,72,72,568,568,NY005244A,FEDERAL,CONVENTIONAL,New Construction,,814,815,3704,4.55,,1924,10,,16,7-14,664735,15.26,621176,14.26,87500,6943700,13.16,126.08,11359000,3079,447.04,EAST NEW YORK AVE,MOTHER GASTON BLVD,PITKIN AVE,ROCKAWAY AVE,BROOKLYN,16,8,20,55,41,1955-12-30,1979/08/01-ATP 4,,,
HOWARD AVENUE,NY005013510,339,351,782,765,NY005261,FEDERAL,TURNKEY,New Construction,,148,150,669,4.52,,382,5,,25,3,132915,3.05,132915,3.05,50568,1536736,38.05,125.25,11464557,15641,536.72,EAST NEW YORK AVE,GRAFTON ST,SUTTER AVE,TAPSCOTT ST,BROOKLYN,16,9,20,55,41,1988-08-01,,,True,
HOWARD AVENUE-PARK PLACE,NY005013510,365,351,551,551,NY005225,FEDERAL,TURNKEY,New Construction,,156,156,781,5.01,,463,8,,159,3,197563,4.54,197563,4.54,54978,1657275,27.83,101.98,15843706,20286,609.85,HOWARD AVE,STERLING PL,EASTERN PKWY,SAINT JOHNS PL,BROOKLYN,16,9,"20, 25",55,41,1994-08-31,,,True,
HUGHES APARTMENTS,NY005011680,168,168,275,275,NY005081,FEDERAL,CONVENTIONAL,New Construction,,509,513,2421.5,4.76,,1418,3,1,4,22,241990,5.56,241990,5.56,23502,4599540,9.71,255.04,10288064,4201,501.53,ROCKAWAY AVE,MOTHER GASTON BLVD,SUTTER AVE,BELMONT AVE,BROOKLYN,16,9,20,55,41,1968-06-30,,,,
HUNTS POINT AVENUE REHAB,NY005015300,367,530,806,748,NY005299,FEDERAL,TURNKEY,Rehabilitation,,131,131,605.5,4.62,,328,13,,13,4-5,58206,1.34,58206,1.34,35180,1540888,60.44,244.78,13280604,21933,439.02,LAFAYETTE AVE,HUNTS POINT AVE,SENECA AVE,IRVINE ST,BRONX,2,15,"32, 34",85,17,1991-11-30,,,True,True
HYLAN,NY005010860,109,86,680,680,NY005364,FEDERAL,CONVENTIONAL,New Construction,,209,209,933.5,4.47,,460,1,,1,19,77658,1.78,77658,1.78,11403,1878400,14.68,258.43,3945608,4240,514.9,MOORE ST,HUMBOLDT ST,SEIGEL ST,BUSHWICK AVE,BROOKLYN,1,7,18,53,34,1960-06-30,1995/07/13-PTA,,,
INDEPENDENCE,NY005021400,140,234,442,442,NY005376,MIXED FINANCE/LLC2,CONVENTIONAL,New Construction,108,742,744,3341,4.5,289,1791,6,,6,21,232000,5.33,232000,5.33,44685,6457003,19.26,336.02,14543000,4344,426.34,CLYMER ST,WILSON ST,WYTHE AVE,BEDFORD AVE,BROOKLYN,1,7,18,50,33,1965-10-31,,,,
INGERSOLL,NY005000140,14,14,510,510,NY005213B,FEDERAL,CONVENTIONAL,New Construction,,1826,1840,8678,4.75,,4314,20,1,46,7-11,997521,22.9,925641,21.25,175748,10226288,17.62,188.38,12236672,1681,518.27,PARK AVE,SAINT EDWARDS ST,MYRTLE AVE,PRINCE ST,BROOKLYN,2,8,25,57,35,1944-02-24,1977/07/01-ATP 1,,,
INTERNATIONAL TOWER,NY005010910,316,91,296,296,NY005241,FEDERAL,TURNKEY,New Construction (ELD),,146,159,520,3.56,,171,1,,1,10,42500,0.98,42500,0.98,12689,1126314,29.86,174.49,10992764,19269,341.04,170TH ST,90TH AVE,169TH ST,JAMAICA AVE,QUEENS,12,5,14,29,27,1983-05-31,,EXCLUSIVELY,True,
ISAACS,NY005011390,139,139,253,253,NY005057,FEDERAL,CONVENTIONAL,New Construction,,632,636,2631,4.16,,1278,3,1,4,24,152173,3.49,152173,3.49,32645,4857894,21.45,366.19,13251410,5009,503.35,E 93RD ST,FIRST AVE,FDR DRIVE,,MANHATTAN,8,12,29,68,5,1965-07-31,,,,
JACKSON,NY005012670,120,267,243,243,NY005043,FEDERAL,CONVENTIONAL,New Construction,,868,868,4137,4.77,,2362,7,1,7,16,343403,7.88,343403,7.88,59552,7682714,17.34,299.75,14850303,3590,471.58,PARK AVE,COURTLANDT AVE,E 158TH ST,E 156TH ST,BRONX,1,15,32,79,17,1963-07-31,,,,
JEFFERSON,NY005010640,64,64,219,219,NY005016,FEDERAL,CONVENTIONAL,New Construction,,1488,1493,6954,4.67,,3468,18,1,35,7-13,757179,17.38,757179,17.38,149778,13032612,19.78,199.54,26894981,3854,502.17,E 112TH ST,THIRD AVE,E 115TH ST,FIRST AVE,MANHATTAN,11,13,30,68,8,1959-08-28,,,,
JOHNSON,NY005000170,17,17,516,516,NY005213H,FEDERAL,CONVENTIONAL,New Construction,,1297,1310,6125.5,4.72,,3168,10,,17,14,517632,11.88,456630,10.48,97804,10582024,18.89,266.67,14348000,2337,530.9,E 112TH ST,E 115TH ST,THIRD AVE,PARK AVE,MANHATTAN,11,13,30,68,8,1948-12-27,1977/07/01-ATP 1,,,
KING TOWERS,NY005010300,30,30,518,518,NY005213J,FEDERAL,CONVENTIONAL,New Construction,,1378,1379,6345,4.6,,3085,10,,10,13-14,599120,13.75,555560,12.75,98822,11745000,16.49,224.36,19859000,3135,502.72,W 112TH ST,LENOX AVE,W 115TH ST,FIFTH AVE,MANHATTAN,10,13,30,68,9,1954-11-01,1977/07/01-ATP 1,,,
KINGSBOROUGH,NY005010100,10,10,205,205,NY005006,FEDERAL,CONVENTIONAL,New Construction,,1164,1165,4749,4.08,,2510,16,,35,6,695544,15.97,665526,15.28,129189,8037853,18.57,157.17,5175100,1107,448.93,RALPH AVE,PACIFIC ST,BERGEN ST,ROCHESTER AVE,BROOKLYN,"8, 16",8,25,"55, 56",41,1941-10-31,,,,
KINGSBOROUGH EXTENSION,NY005010100,161,10,268,205,NY005071,FEDERAL,CONVENTIONAL,New Construction (ELD),,184,184,644,3.5,,195,1,,1,25,63254,1.45,63254,1.45,7110,1224082,11.24,134.48,2986383,4637,324.13,BERGEN ST,PACIFIC ST,ROCHESTER AVE,RALPH AVE,BROOKLYN,8,8,25,56,41,1966-05-31,,EXCLUSIVELY,,
LA GUARDIA,NY005010760,76,76,221,221,NY005021,FEDERAL,CONVENTIONAL,New Construction,,1092,1094,5102,4.67,,2512,9,,9,16,469672,10.78,415455,9.54,63621,8909852,13.55,233.02,17157591,3356,528.5,RUTGERS ST,MADISON ST,MONTGOMERY ST,CHERRY ST,MANHATTAN,3,7,26,65,1,1957-08-08,,,,
LA GUARDIA ADDITION,NY005010760,152,76,262,221,NY005061,FEDERAL,CONVENTIONAL,New Construction (ELD),,149,150,491.5,3.3,,187,1,,1,16,26052,0.6,26052,0.6,5618,914382,21.56,311.67,2876132,5645,291.84,CHERRY ST,MADISON ST,RUTGERS ST,MONTGOMERY ST,MANHATTAN,3,7,26,65,1,1965-08-31,,EXCLUSIVELY,,
LAFAYETTE,NY005001220,122,122,247,247,NY005047,FEDERAL,CONVENTIONAL,New Construction,,882,882,4385,4.97,,2462,7,,7,13-15-20,334323,7.68,304776,7,58504,8369220,17.5,320.57,14689766,3350,568.67,LAFAYETTE AVE,CLASSON AVE,DEKALB AVE,FRANKLIN AVE,BROOKLYN,3,8,25,57,35,1962-07-31,,,,
LATIMER GARDENS,NY005011860,186,186,290,290,NY005093,FEDERAL,CONVENTIONAL,New Construction,,423,423,1708.5,4.04,,802,4,,4,10,167134,3.84,167134,3.84,40077,3430247,23.98,208.85,9310959,5442,484.61,"34TH, 35TH AVES",LINDEN PL,LEAVITT ST,137TH ST,QUEENS,7,6,11,40,20,1970-09-30,,,,
LAVANBURG HOMES,NY005003100,310,310,578,578,NY005248,FEDERAL,CONVENTIONAL,Rehabilitation,,95,104,391.5,4.12,,,1,,6,6,23032,0.53,23032,0.53,12882,937200,55.93,,5742000,12903,,E HOUSTON ST,BARUCH PL,A NEW ST,MANGIN ST,MANHATTAN,3,7,26,74,2,1984-09-26,,,,
LEAVITT STREET-34TH AVENUE,NY005011860,201,186,386,290,NY005191,FEDERAL,TURNKEY,New Construction (ELD),,83,83,272.5,3.28,,106,1,,1,6,20013,0.46,20013,0.46,8465,571608,42.3,230.43,2606744,9244,308.2,LEAVITT ST,UNION ST,34TH AVE,34TH RD,QUEENS,7,6,11,40,20,1974-10-31,,EXCLUSIVELY,,
LEHMAN VILLAGE,NY005001010,101,101,238,238,NY005033,FEDERAL,CONVENTIONAL,New Construction,,617,622,2893.5,4.69,,1481,4,1,5,20,177426,4.07,177426,4.07,28904,5367611,16.29,363.88,11549370,3959,521.88,MADISON AVE,PARK AVE,E 106TH ST,E 110TH ST,MANHATTAN,11,13,30,68,8,1963-11-30,,,,
LENOX ROAD-ROCKAWAY PARKWAY,NY005011670,348,167,763,763,NY005292,FEDERAL,TURNKEY,Rehabilitation,,74,74,327,4.42,,179,3,,3,4,24000,0.55,24000,0.55,18791,943450,78.3,325.45,4669919,14281,527.69,KINGS HIGHWAY,E 98TH ST,WILIMOHR ST,E 97TH ST,BROOKLYN,17,9,20,"55, 58",41,1985-09-01,,,True,
LEXINGTON,NY005010620,50,62,374,217,NY005183C,FEDERAL,CONVENTIONAL,New Construction,,448,448,1901,4.24,,844,4,,4,14,151467,3.48,151467,3.48,35222,3879000,23.25,242.53,4780152,2515,505.09,E 98TH ST,THIRD AVE,E 99TH ST,PARK AVE,MANHATTAN,11,13,30,68,5,1951-03-16,1972/06/29-FED TRAN,,,
LINCOLN,NY005000200,20,20,513,513,NY005213E,FEDERAL,CONVENTIONAL,New Construction,,1283,1286,6113.5,4.77,,3023,14,,20,7-14,551740,12.67,508561,11.67,106738,10743035,19.35,238.6,14324000,2358,479.24,E 132ND ST,E 135TH ST,FIFTH AVE,PARK AVE,MANHATTAN,11,13,30,70,9,1948-12-29,1977/07/01-ATP 1,,,
LINDEN,NY005020950,95,95,672,672,NY005377,MIXED FINANCE/LLC2,CONVENTIONAL,New Construction,395,1586,1586,7311,4.61,1164,3809,19,2,21,8-14,1299426,29.83,1299426,29.83,173020,14333039,13.06,127.69,20230969,2767,512.11,VERMONT ST,STANLEY AVE,SCHENCK AVE,COZINE AVE,BROOKLYN,5,8,19,60,42,1958-07-17,,,,
LONG ISLAND BAPTIST HOUSES,NY005012610,276,261,502,375,NY005201,FEDERAL,CONVENTIONAL,Rehabilitation,,230,232,1044,4.54,,566,4,,4,6,78700,1.81,78700,1.81,37700,2490500,47.9,312.71,11627063,11010,464.52,SUTTER AVE,SHEFFIELD AVE,DUMONT AVE,HINSDALE ST,BROOKLYN,5,8,19,60,42,1981-06-30,,,True,
LONGFELLOW AVENUE REHAB,NY005015300,362,530,794,748,NY005295,FEDERAL,TURNKEY,Rehabilitation,,75,75,412.5,5.5,,287,2,,2,5,26724,0.61,26724,0.61,16773,1060415,62.76,470.49,7044209,17077,609.08,WESTCHESTER AVE,WHITLOCK AVE,E 165TH ST,BRYANT AVE,BRONX,2,15,32,85,17,1990-10-31,,,True,True
LOW HOUSES,NY005011690,169,169,276,276,NY005082,FEDERAL,CONVENTIONAL,New Construction,,535,536,2546.5,4.76,,1408,4,,4,17-18,256459,5.89,256459,5.89,45163,4802466,17.61,239.05,10312262,4052,453.76,SACKMAN ST,POWELL ST,CHRISTOPHER ST,PITKIN AVE,BROOKLYN,16,8,"19, 20",55,41,1967-12-31,,,,
LOWER EAST SIDE I INFILL,NY005011000,326,100,784,784,NY005259,FEDERAL,TURNKEY,New Construction,,189,189,777.5,4.11,,365,5,,15,4-9,86078,1.98,86078,1.98,37227,1657278,43.25,184.34,14369576,18482,475.48,DELANCEY ST,RIVINGTON ST,FORSYTHE ST,ELDRIDGE ST,MANHATTAN,3,7,26,65,1,1988-06-01,,PARTIALLY,True,
LOWER EAST SIDE II,NY005012920,337,292,783,555,NY005262,FEDERAL,TURNKEY,New Construction,,186,188,838,4.51,,458,4,1,32,3,167568,3.85,167568,3.85,59808,1622292,35.69,118.96,14709271,17346,540.7,E 4TH & 5TH STS,E 6TH ST,AVENUES B & C,AVENUE D,MANHATTAN,3,12,26,74,2,1988-11-01,,,True,
LOWER EAST SIDE III,NY005013590,364,359,548,840,NY005215,FEDERAL,TURNKEY,New Construction,,56,56,280,5,,192,2,1,3,4,42733,0.98,42733,0.98,22801,596573,53.36,195.92,7324340,26158,543,E 9TH ST,AVENUE D,E 8TH ST,AVENUE C,MANHATTAN,3,12,27,74,2,1997-04-30,,,True,True
LOWER EAST SIDE REHAB (GROUP 5),NY005012920,292,292,555,555,NY005233,FEDERAL,TURNKEY,Rehabilitation,,54,55,226,4.19,,122,2,,2,6,17872,0.41,17872,0.41,10275,490400,57.49,297.56,4322735,18795,582.43,AVENUE C,E 6TH ST,E 7TH ST,,MANHATTAN,3,12,27,74,2,1986-12-01,,,True,
MANHATTANVILLE,NY005020810,81,81,429,429,NY005378,MIXED FINANCE/LLC1,CONVENTIONAL,New Construction,184,1272,1272,6004,4.72,528,3042,6,,6,20,538367,12.36,538367,12.36,83754,11967873,15.56,246.12,25774000,4306,527.12,W 133RD ST,BROADWAY,AMSTERDAM AVE,W 129TH ST,MANHATTAN,9,13,"30, 31",70,7,1961-06-30,,,,
MANHATTANVILLE REHAB (GROUP 2),NY005010810,296,81,557,558,NY005235,FEDERAL,CONVENTIONAL,Rehabilitation,,46,46,187,4.07,,90,3,,3,5-6,11843,0.27,11843,0.27,8099,434570,68.39,333.33,6002000,32096,478.96,BROADWAY,W 134TH ST,AMSTERDAM AVE,W 135TH ST,MANHATTAN,9,13,31,70,7,1988-11-01,,,True,
MANHATTANVILLE REHAB (GROUP 3),NY005010810,297,81,558,558,NY005236,FEDERAL,CONVENTIONAL,Rehabilitation,,51,51,220.5,4.32,,112,2,,2,5-6,13988,0.32,13988,0.32,9930,547624,70.99,350,3652758,16603,360.32,BROADWAY,W 133RD ST,AMSTERDAM AVE,W 134TH ST,MANHATTAN,9,13,31,70,7,1983-09-30,,,True,
MARBLE HILL,NY005020490,49,49,638,638,NY005379,MIXED FINANCE/LLC1,CONVENTIONAL,New Construction,212,1682,1682,7119,4.23,502,3370,11,1,11,14-15,724809,16.64,652495,14.98,111631,13300359,15.4,202.52,17882055,2539,480.14,EXTERIOR ST,W 225TH ST,BROADWAY,W 230TH ST,BRONX,8,13,"31, 33","72, 81","10, 11, 14",1952-03-06,,,,
MARCY,NY005000210,21,21,514,514,NY005213F,FEDERAL,CONVENTIONAL,New Construction,,1714,1717,8257,4.82,,4389,27,1,71,6,1241000,28.49,1101547,25.29,240198,13741160,19.36,154.05,19420000,2347,508.66,FLUSHING AVE,MARCY AVE,NOSTRAND AVE,MYRTLE AVE,BROOKLYN,3,7,18,56,36,1949-01-19,1977/07/01-ATP 1,,,
MARCY AVENUE-GREENE AVENUE SITE A,NY005013590,363,359,803,840,NY005300,FEDERAL,TURNKEY,New Construction,,48,48,231,4.81,,127,2,,7,3,51104,1.17,51104,1.17,16354,434689,32,108.55,5042549,21829,462,GREENE AVE,MARCY AVE,NOSTRAND AVE,LEXINGTON AVE,BROOKLYN,3,8,25,56,36,1997-06-30,,,True,True
MARCY AVENUE-GREENE AVENUE SITE B,NY005013590,358,359,804,840,NY005293,FEDERAL,TURNKEY,New Construction,,30,30,145,4.83,,81,1,,5,3,36926,0.85,36926,0.85,10081,267953,27.3,95.29,3168261,21850,413,GREENE AVE,MARCY AVE,NOSTRAND AVE,LEXINGTON AVE,BROOKLYN,3,8,25,56,36,1997-06-30,,,True,True
MARINER'S HARBOR,NY005000770,77,77,228,228,NY005020,FEDERAL,CONVENTIONAL,New Construction,,606,607,2853,4.71,,1588,22,,32,3-6,947622,21.75,816256,18.74,124890,5691790,13.18,73.01,8072855,2826,469.68,GRAND VIEW AVE,ROXBURY ST,LOCKMAN AVE,CONTINENTAL PL,STATEN ISLAND,1,11,23,63,49,1954-09-03,,,,
MARLBORO,NY005020830,83,83,426,426,NY005380,MIXED FINANCE/LLC1,CONVENTIONAL,New Construction,284,1763,1765,8241.5,4.67,786,4259,28,2,30,7-16,1518505,34.86,1471805,33.79,202426,15183887,13.33,122.17,22429000,2783,489.95,STILLWELL AVE,AVENUE V,86TH ST,AVENUE X,BROOKLYN,13,11,23,"45, 47",47,1958-02-27,,,,
MARSHALL PLAZA,NY005010030,344,3,754,754,NY005265,FEDERAL,TURNKEY,New Construction (ELD),,180,180,630,3.5,,205,1,,1,13,20083,0.46,20083,0.46,10354,1181481,51.56,445.65,12233985,19419,301.42,BROADWAY,W 158TH ST,AMSTERDAM AVE,W 157TH ST,MANHATTAN,12,13,31,71,7,1986-06-30,,EXCLUSIVELY,True,
MCKINLEY,NY005000590,103,59,236,236,NY005031,FEDERAL,CONVENTIONAL,New Construction,,616,619,2932,4.76,,1535,5,1,5,16,289985,6.66,233735,5.37,41286,5580675,14.24,230.48,10418410,3535,463.56,E 161ST ST,E 163RD ST,TINTON AVE,KINGSLAND PL,BRONX,3,15,32,79,16,1962-07-31,,,,
MELROSE,NY005010280,28,28,523,523,NY005216B,FEDERAL,CONVENTIONAL,New Construction,,1020,1023,4850,4.75,,2510,8,1,9,14,541687,12.44,498060,11.43,68826,8736312,12.71,201.77,12236000,2515,446.98,MORRIS AVE,E 153RD ST,COURTLANDT AVE,E 156TH ST,BRONX,1,15,32,"79, 84",17,1952-06-20,1978/02/01-ATP 2,,,
MELTZER TOWER,NY005011000,183,100,286,237,NY005085,FEDERAL,CONVENTIONAL,New Construction (ELD),,228,231,684,3,,240,1,,1,20,50180,1.15,50180,1.15,6910,1316253,13.77,208.7,5622697,7487,293.25,E 1ST ST,FIRST AVE,E 2ND ST,AVENUE A,MANHATTAN,3,12,26,65,2,1971-08-31,,EXCLUSIVELY,,
METRO NORTH PLAZA,NY005010090,181,112,284,284,NY005092,FEDERAL,CONVENTIONAL,New Construction,,271,275,1301.5,4.8,,632,3,,3,7-8,99827,2.29,99827,2.29,34752,2668090,34.81,275.98,6733865,5105,492.63,E 101ST ST,FIRST AVE,E 102ND ST,SECOND AVE,MANHATTAN,11,13,29,68,8,1971-08-31,,,,
MIDDLETOWN PLAZA,NY005010340,191,34,302,313,NY005096B,FEDERAL,CONVENTIONAL,New Construction (ELD),,177,179,602.5,3.4,,198,1,,1,15,49309,1.13,49309,1.13,10076,1078917,20.43,175.22,6090291,9776,320.16,ROBERTS AVE,JARVIS AVE,MIDDLETOWN RD,HOBART AVE,BRONX,10,14,34,82,13,1973-08-31,,EXCLUSIVELY,,
MILL BROOK,NY005010840,84,84,570,570,NY005244C,FEDERAL,CONVENTIONAL,New Construction,,1251,1255,5798.5,4.64,,2911,9,,9,16,539327,12.38,495067,11.37,76410,10446587,14.17,235.14,22176000,3898,434.83,E 135TH ST,BROOK AVE,E 137TH ST,CYPRESS AVE,BRONX,1,15,29,84,8,1959-05-26,1979/08/01-ATP 4,,,
MILL BROOK EXTENSION,NY005010840,132,84,570,570,NY005244C,FEDERAL,CONVENTIONAL,New Construction,,125,125,611.5,4.89,,318,1,,1,16,22500,0.52,22500,0.52,8660,1130657,38.49,611.54,1957000,3198,458.47,CYPRESS AVE,E 135TH ST,E 137TH ST,,BRONX,1,15,29,84,8,1962-01-31,1979/08/01-ATP 4,,,
MITCHEL,NY005011450,145,145,249,249,NY005050,FEDERAL,CONVENTIONAL,New Construction,,1731,1732,7546.5,4.36,,4109,10,1,12,17-19-20,699494,16.06,653938,15.01,97114,14044919,13.88,255.85,33012851,4350,448.87,LINCOLN AVE,E 138TH ST,WILLIS AVE,E 135TH ST,BRONX,1,15,29,84,8,1966-02-28,,PARTIALLY,,
MONROE,NY005000880,88,88,234,234,NY005036,FEDERAL,CONVENTIONAL,New Construction,,1101,1102,5302.5,4.82,,2700,12,1,20,8-14,805341,18.49,805341,18.49,118402,10177348,14.7,146.02,16449659,3100,466.22,SOUNDVIEW AVE,STORY AVE,TAYLOR AVE,LAFAYETTE AVE,BRONX,9,15,32,85,18,1961-11-02,,,,
MOORE,NY005010930,129,93,251,251,NY005080,FEDERAL,CONVENTIONAL,New Construction,,463,463,2165.5,4.68,,1130,2,,4,20,117000,2.69,117000,2.69,21826,4029275,18.65,420.07,7256661,3350,462.55,E 147TH ST,E 149TH ST,JACKSON AVE,TRINITY AVE,BRONX,1,15,29,84,8,1964-03-31,,,,
MORRIS I,NY005011020,102,102,239,239,NY005037,FEDERAL,CONVENTIONAL,New Construction,,1083,1085,5237.5,4.84,,2888,10,,10,16-20,416831,9.57,416831,9.57,66594,9980542,15.98,301.78,20735295,4008,460.95,PARK AVE,E 170TH ST,THIRD AVE,E 169TH ST,BRONX,3,15,33,79,16,1965-08-31,,,,
MORRIS II,NY005011020,502,102,280,239,NY005079,FEDERAL,CONVENTIONAL,New Construction,,801,802,3758.5,4.69,,2039,7,,7,16-20,358843,8.24,313704,7.2,51875,7162265,14.46,247.45,15391181,4008,482.79,PARK AVE,E 171ST ST,THIRD AVE,E 170TH ST,BRONX,3,15,33,79,16,1965-08-31,,,,
MORRIS PARK SENIOR CITIZENS HOME,NY005012410,277,241,504,346,NY005200,FEDERAL,CONVENTIONAL,Rehabilitation (ELD),,97,97,296.5,3.06,,98,1,,1,9,10000,0.23,10000,0.23,6491,561310,64.91,426.09,1989852,6337,296.95,E 124TH ST,MADISON AVE,FIFTH AVE,,MANHATTAN,11,13,30,68,9,1977-04-30,,EXCLUSIVELY,True,
MORRISANIA,NY005011410,130,141,250,231,NY005048,FEDERAL,CONVENTIONAL,New Construction,,206,206,962,4.67,,516,2,,2,16,60890,1.4,60890,1.4,13024,1769693,21.39,368.57,3742711,3891,372.53,E 169TH ST,WASHINGTON AVE,PARK AVE,,BRONX,3,15,32,79,16,1963-05-31,,,,
MORRISANIA AIR RIGHTS,NY005012670,267,267,385,385,NY005190,FEDERAL,TURNKEY,New Construction,,842,843,3792,4.5,,1803,3,,5,19-23-29,274300,6.3,274300,6.3,64435,11316800,23.49,286.19,40272504,10584,457.76,PARK AVE,E 158TH ST,E 161ST ST,E 163RD ST,BRONX,"3, 4",15,32,79,"16, 17",1981-01-01,,PARTIALLY,,
MOTT HAVEN,NY005001210,121,121,244,244,NY005044,FEDERAL,CONVENTIONAL,New Construction,,992,993,4634,4.67,,2585,8,1,9,20-22,417367,9.58,386817,8.88,78477,9236613,18.8,269.83,20670000,4456,477.47,E 140TH ST,E 144TH ST,ALEXANDER AVE,WILLIS AVE,BRONX,1,15,29,84,8,1965-03-31,,,,
MURPHY,NY005021330,133,133,447,447,NY005381,MIXED FINANCE/LLC2,CONVENTIONAL,New Construction,106,281,281,1294.5,4.61,258,710,2,,2,20,114593,2.63,114593,2.63,20188,2548312,17.62,269.96,5539000,4277,438.41,CROTONA AVE,CROTONA PARK NO,CROSS BRONX EXPWY,,BRONX,6,15,33,79,15,1964-03-31,,,,
NEW LANE AREA,NY005010350,314,35,306,306,NY005242,FEDERAL,TURNKEY,New Construction (ELD),,276,277,996,3.61,,339,1,,2,10,120879,2.78,120879,2.78,29107,2204124,24.08,121.94,18511313,18493,311.47,LINDEN PL,NEW LANE,WATER FRONT TRACT,,STATEN ISLAND,1,11,23,64,49,1984-07-12,,EXCLUSIVELY,True,
NOSTRAND,NY005010360,43,36,585,585,NY005268C,FEDERAL,CONVENTIONAL,New Construction,,1147,1148,4970.5,4.33,,2363,16,1,33,6,1036600,23.8,1036600,23.8,177223,9377365,17.1,99.29,13817794,2779,465.08,AVENUE V,BRAGG ST,AVENUE X,BATCHELDER ST,BROOKLYN,15,9,19,41,46,1950-12-14,1980/07/01-ATP 6,,,
OCEAN BAY APARTMENTS (BAYSIDE),NY005010980,98,98,571,571,NY005244D,FEDERAL,CONVENTIONAL,New Construction,,1393,1395,6670.5,4.79,,3729,24,,28,7-9,1408080,32.33,1408080,32.33,215090,13059717,15.28,115.34,22956000,3446,503.31,B 58TH ST,ALAMEDA AVE,B 51ST ST,BEACH CHANNEL DR,QUEENS,14,5,10,31,31,1961-09-25,1979/08/01-ATP 4,,,
OCEAN BAY APARTMENTS (OCEANSIDE),NY005010980,51,98,573,571,NY005244F,FEDERAL,CONVENTIONAL,New Construction,,417,418,1766.5,4.24,,798,7,,14,6,354220,8.13,310500,7.13,66101,3931321,18.66,98.15,5137275,2901,535.94,ARVERNE BLVD,B 56TH ST,BEACH CHANNEL DR,B 54TH ST,QUEENS,14,5,10,31,31,1951-02-28,1979/08/01-ATP 4,,,
OCEAN HILL APARTMENTS,NY005011620,162,162,269,269,NY005072,FEDERAL,CONVENTIONAL,New Construction,,238,238,1077,4.53,,645,3,1,4,14,112916,2.59,112916,2.59,16412,2178743,14.53,249.03,4875929,4527,588.26,BROADWAY,MACDOUGAL ST,MOTHER GASTON BLVD,CHERRY ST,BROOKLYN,16,8,18,55,37,1968-03-31,,,,
OCEAN HILL-BROWNSVILLE,NY005013510,313,351,287,765,NY005257,FEDERAL,TURNKEY,Rehabilitation,,125,125,540.5,4.32,,303,5,,5,4,242141,5.56,242141,5.56,78188,2000000,32.29,54.5,8068686,14942,457.85,RALPH AVE,ATLANTIC AVE,SARATOGA AVE,DEAN ST,BROOKLYN,16,8,25,55,41,1986-11-10,,,True,
O'DWYER GARDENS,NY005011720,172,172,582,582,NY005267D,FEDERAL,CONVENTIONAL,New Construction,,572,573,2212,3.87,,984,6,1,7,15-16,276010,6.34,276010,6.34,34501,5421328,12.5,155.21,15000000,6649,476.18,W 32ND ST,SURF AVE,W 35TH ST,MERMAID AVE,BROOKLYN,13,8,23,46,47,1969-12-31,1980/07/01-ATP 5,,,
PALMETTO GARDENS,NY005012470,195,247,393,393,NY005196,FEDERAL,TURNKEY,New Construction (ELD),,115,115,345.5,3,,117,1,,1,6,27419,0.63,27419,0.63,12739,750300,46.46,185.71,4584000,12257,312.88,PALMETTO ST,GATES AVE,EVERGREEN AVE,BUSHWICK AVE,BROOKLYN,4,8,18,54,34,1977-03-31,,EXCLUSIVELY,,
"PARK AVENUE-EAST 122ND, 123RD STREETS",NY005012410,204,241,321,346,NY005127,FEDERAL,TURNKEY,New Construction,,90,90,419,4.66,,213,2,1,2,6,32127,0.74,32127,0.74,14614,950094,45.49,287.84,2101938,5017,495.32,E 122ND ST,PARK AVE,E 123RD ST,LEXINGTON AVE,MANHATTAN,11,13,30,68,9,1970-03-31,,,,
PARK ROCK REHAB,NY005013510,351,351,765,765,NY005285,FEDERAL,TURNKEY,Rehabilitation,,134,134,582,4.34,,330,9,,9,4,53914,1.24,53914,1.24,33105,166531,61.4,266.13,10500000,18041,558.22,BELMONT AVE,JEROME ST,SUTTER AVE,BARBEY ST,BROOKLYN,8,9,"20, 25",55,36,1986-09-01,,,True,
PARKSIDE,NY005010470,47,47,580,580,NY005267B,FEDERAL,CONVENTIONAL,New Construction,,878,879,3709,4.22,,1731,14,,20,6-7-14-15,485455,11.14,453178,10.4,96415,7454500,19.86,155.39,9676316,2606,462.37,ADEE AVE,WHITE PLAINS RD,ARNOW AVE,BRONX PARK EAST,BRONX,11,14,36,80,15,1951-06-12,1980/07/01-ATP 5,,,
PATTERSON,NY005000240,24,24,522,522,NY005216A,FEDERAL,CONVENTIONAL,New Construction,,1790,1791,8514,4.76,,4362,15,,25,7-13,748573,17.18,702358,16.12,167841,14503544,22.42,253.9,20731000,2433,461.95,MORRIS AVE,THIRD AVE,E 145TH ST,E 139TH ST,BRONX,1,15,29,84,8,1950-12-31,1978/02/01-ATP 2,,,
PELHAM PARKWAY,NY005010390,39,39,586,586,NY005271A,FEDERAL,CONVENTIONAL,New Construction,,1265,1266,5446.5,4.31,,2579,23,,38,6,1034160,23.74,967252,22.21,184875,10665277,17.88,108.64,15295753,2806,518.78,PELHAM PKWY,WALLACE AVE,WILLIAMSBRIDGE RD,MACE AVE,BRONX,11,14,34,80,13,1950-06-30,1980/10/01-ATP 7,,,
PENNSYLVANIA AVENUE-WORTMAN AVENUE,NY005011940,194,194,305,305,NY005091,FEDERAL,CONVENTIONAL,New Construction,,336,336,1343,4,,668,3,1,3,8-16,236930,5.44,236930,5.44,40998,2712190,17.3,122.79,11936021,8606,420.81,PENNSYLVANIA AVE,WORTMAN AVE,STANLEY AVE,VERMONT ST,BROOKLYN,5,8,19,60,42,1972-09-30,,,,
PINK,NY005000890,89,89,235,235,NY005035,FEDERAL,CONVENTIONAL,New Construction,,1500,1500,7098,4.73,,3724,22,2,25,8,1354844,31.1,1311306,30.1,193511,13316063,14.28,119.74,20134047,2835,481.3,CRESCENT ST,LINDEN BLVD,ELDERTS LA,STANLEY AVE,BROOKLYN,5,8,19,60,42,1959-09-30,,,,
POLO GROUNDS TOWERS,NY005001490,149,149,260,260,NY005062,FEDERAL,CONVENTIONAL,New Construction,,1614,1614,7682,4.76,,3938,4,4,11,30,659780,15.15,659780,15.15,83689,14904498,12.68,259.93,32292784,4190,502.77,DOUGLASS BLVD,W 155TH ST,HARLEM RIVER DR,,MANHATTAN,10,13,30,71,9,1968-06-30,,,,
POMONOK,NY005000530,53,53,588,588,NY005271C,FEDERAL,CONVENTIONAL,New Construction,,2069,2071,8838.5,4.27,,4286,35,,121,3-7,2238984,51.4,2083475,47.83,369627,19315843,16.51,83.39,21645342,2446,516.1,71ST AVE,PARSONS BLVD,KISSENA BLVD,65TH AVE,QUEENS,8,6,16,27,24,1952-06-30,1980/10/01-ATP 7,,,
PSS GRANDPARENT FAMILY APARTMENTS,NY005005600,560,560,,,NY005387,MIXED FINANCE,TURNKEY,New Construction,,50,51,235,4.7,,,1,,1,6,25595,0.59,25595,0.59,,,,,12020098,51149,,PROSPECT AVENUE,UNION AVENUE,EAST 163RD STREET,,BRONX,3,15,32,79,17,2005-05-24,,,,True
PUBLIC SCHOOL 139 (CONVERSION),NY005011110,340,111,774,774,NY005260,FEDERAL,TURNKEY,Rehabilitation (ELD),,125,125,423.5,3.39,,129,1,,2,5,64945,1.49,64945,1.49,26325,2943660,40.53,86.58,7898759,18348,348.2,"W 139,140TH STS",POWELL BLVD,LENOX AVE,,MANHATTAN,10,13,30,70,9,1986-10-08,,EXCLUSIVELY,True,
QUEENSBRIDGE NORTH,NY005005050,505,505,398,398,NY005002,FEDERAL,CONVENTIONAL,New Construction,,1540,1543,6328,4.11,,3228,13,1,48,6,886643,20.35,689843,15.84,191356,11314111,21.58,158.62,6466805,1010,494.93,41ST AVE,VERNON BLVD,40TH AVE,21ST ST,QUEENS,1,12,12,37,26,1940-03-15,,,,
QUEENSBRIDGE SOUTH,NY005000050,5,5,843,843,NY005002,FEDERAL,CONVENTIONAL,New Construction,,1604,1604,6630,4.13,,3394,13,2,50,6,1268298,29.12,820525,18.84,198609,11742973,15.66,116.55,7054601,1057,452.75,41ST AVE,VERNON BLVD,41ST RD,21ST ST,QUEENS,1,12,12,37,26,1940-03-15,,,,
RALPH AVENUE REHAB,NY005011670,352,167,771,763,NY005290,FEDERAL,TURNKEY,Rehabilitation,,118,118,529,4.48,,288,5,,5,4,70486,1.62,70486,1.62,27982,3052668,39.7,177.78,6714551,12693,528.25,EAST NEW YORK AVE,RALPH AVE,SUTTER AVE,E 98TH ST,BROOKLYN,16,9,20,55,41,1986-12-23,,,True,
RANDALL AVENUE-BALCOM AVENUE,NY005010630,245,63,364,218,NY005179,FEDERAL,TURNKEY,New Construction (ELD),,251,252,823.5,3.28,,274,3,,3,6,230000,5.28,230000,5.28,48175,1582410,20.95,51.89,9186414,10757,334.6,RANDALL AVE,BALCOM AVE,SCHLEY AVE,BUTTRICK AVE,BRONX,10,14,34,82,13,1978-10-31,,EXCLUSIVELY,,
RANDOLPH,NY005010300,278,30,503,503,NY005202,FEDERAL,CONVENTIONAL,Rehabilitation,,89,151,504.5,5.67,,188,14,,36,5,92500,2.12,90000,2.07,64800,3888000,70.05,88.68,14594887,7225,477.45,W 114TH ST,POWELL BLVD,DOUGLASS BLVD,,MANHATTAN,10,13,30,70,9,1977-04-30,,,True,
RANGEL,NY005000370,37,37,317,317,NY005114E,FEDERAL,CONVENTIONAL,New Construction,,983,984,4519.5,4.6,,2274,8,,9,14,475672,10.92,475672,10.92,71671,7911809,15.07,208.24,10613000,2373,520.22,HARLEM RIVER DR,POLO GROUNDS TOWERS,HARLEM RIVER DRIVEWAY,,MANHATTAN,10,13,30,71,9,1951-10-08,1968/08/29-FED TRAN,,,
RAVENSWOOD,NY005000480,48,48,369,369,NY005184,FEDERAL,CONVENTIONAL,New Construction,,2164,2166,9133,4.22,,4378,31,,45,6-7,1667814,38.29,1537135,35.29,346053,18107100,20.75,114.34,21403996,2342,519.24,12TH ST,34TH AVE,24TH ST,36TH AVE,QUEENS,1,12,12,37,26,1951-07-19,1971/06/29-FED TRAN,,,
RED HOOK I,,"004, 079",4,202,"202, 230",NY005001,FEDERAL,CONVENTIONAL,New Construction,,2534,2545,10605,4.19,,5398,27,3,89,2-6,1452438,33.34,1452438,33.34,326157,19292734,22.46,161.91,12102930,1137,465.42,DWIGHT ST,CLINTON ST,W 9TH ST,LORRAINE ST,BROOKLYN,6,7,25,51,38,1939-11-20,,,,
RED HOOK II,NY005000790,79,4,230,230,NY005029,FEDERAL,CONVENTIONAL,New Construction,,344,346,1618,4.7,,891,3,1,12,"3,14",245292,5.63,245292,5.63,35301,2896000,14.39,158.26,4517169,2776,544.54,RICHARDS ST,DWIGHT ST,WOLCOTT ST,RED HOOK PARK,BROOKLYN,6,7,25,51,38,1955-05-27,,,,
RED HOOK EAST,NY005000040,4,4,202,202,NY005001,FEDERAL,CONVENTIONAL,New Construction,,1407,1411,5902.5,4.2,,3002,16,3,51,2-6,856003,19.65,856003,19.65,192198,10734477,22.45,152.77,,,478.85,CLINTON ST,LORRAINE ST,COLUMBIA ST,WEST 9TH ST,BROOKLYN,6,7,25,51,38,,,,,
RED HOOK WEST,NY005000790,79,4,202,230,"NY005001, NY005029",FEDERAL,CONVENTIONAL,New Construction,,1471,1480,6320.5,4.3,,3287,14,1,50,3-6,841727,19.32,841727,19.32,169260,11454257,20.11,170.13,,,471.14,RICHARDS ST,LORRAINE ST,HICKS ST,WEST 9TH ST,BROOKLYN,6,7,25,51,38,,,,,
REDFERN,NY005000550,55,55,525,525,NY005216D,FEDERAL,CONVENTIONAL,New Construction,,597,604,2900.5,4.86,,1487,9,,16,3-7,817865,18.78,726038,16.67,95461,5602438,11.67,79.18,9334000,3186,447.34,REDFERN AVE,HASSOCK ST,BEACH CHANNEL DR,B 12TH ST,QUEENS,14,5,10,31,31,1959-08-28,1978/02/01-ATP 2,,,
REHAB PROGRAM (COLLEGE POINT),NY005011860,143,186,297,290,NY005076E,FEDERAL,CONVENTIONAL,Rehabilitation (ELD),,13,13,32.5,2.5,,13,1,,1,1,15000,0.34,15000,0.34,9320,115995,62.13,38.24,5909934,4821,262,125TH ST,22ND AVE,126TH ST,,QUEENS,7,14,11,27,19,1964-01-31,,EXCLUSIVELY,,
REHAB PROGRAM (DOUGLASS REHABS),NY005013170,515,359,255,255,"NY005076A, NY005076B, NY005076C",FEDERAL,CONVENTIONAL,Rehabilitation,,112,112,413,3.69,,177,4,,9,3-6,24462,0.56,24462,0.56,16326,1247684,66.74,316.07,,,477,W 104TH ST,BROADWAY,W 101ST ST,WEST END AVE,MANHATTAN,7,10,31,69,6,1964-01-31,,,,True
REHAB PROGRAM (TAFT REHABS),NY005013170,516,359,295,295,"NY005076G, NY005076I, NY005076J",FEDERAL,CONVENTIONAL,Rehabilitation,,156,156,602,3.86,,309,4,,4,7,27171,0.62,27171,0.62,22914,1809773,84.33,498.39,,,466,SAINT NICHOLAS AVE,W 119TH ST,LENOX AVE,W 112TH ST,MANHATTAN,10,13,30,70,9,1964-01-31,,,,True
REHAB PROGRAM (WISE REHAB),NY005011270,517,127,298,259,NY005076D,FEDERAL,CONVENTIONAL,Rehabilitation,,40,40,159,3.98,,69,1,,1,5,10071,0.23,10071,0.23,7367,472901,73.15,300,,,526.25,COLUMBUS AVE,W 94TH ST,CENTRAL PARK WEST,W 93RD ST,MANHATTAN,7,10,30,69,6,1964-01-31,,,,
REID APARTMENTS,NY005011670,167,167,283,283,NY005089,FEDERAL,CONVENTIONAL,New Construction (ELD),,227,230,681.5,3,,234,1,,1,20,68762,1.58,68762,1.58,13285,1397832,19.32,148.1,3910160,5227,296.64,TROY AVE,ALBANY AVE,EAST NEW YORK AVE,MAPLE ST,BROOKLYN,9,9,20,43,41,1969-11-30,,EXCLUSIVELY,,
RICHMOND TERRACE,NY005011170,117,117,241,241,NY005039,FEDERAL,CONVENTIONAL,New Construction,,488,489,2308,4.73,,1347,6,1,7,8,464184,10.66,440715,10.12,57285,4498022,12.34,126.36,9551430,4129,456.34,JERSEY ST,RICHMOND TERR,CRESCENT AVE,,STATEN ISLAND,1,11,23,61,49,1964-04-30,,,,
RIIS,NY005010180,18,18,210,210,NY005008,FEDERAL,CONVENTIONAL,New Construction,,1191,1191,5666.5,4.76,,2745,13,,18,7-13,510926,11.73,510926,11.73,103446,9657260,20.25,234.02,13510289,2411,501.98,FDR DR,AVENUE D,E 8TH ST,E 13TH ST,MANHATTAN,3,7,27,74,2,1949-01-17,,,,
RIIS II,NY005010180,19,18,372,210,NY005181D,FEDERAL,CONVENTIONAL,New Construction,,577,578,2720.5,4.71,,1296,6,,8,7-13,258562,5.94,258562,5.94,43916,4497120,16.98,218.18,6339520,2344,483.08,FDR DR,AVENUE D,EAST 6TH ST,EAST 8TH ST,MANHATTAN,3,7,27,74,2,1949-01-31,1972/06/29-FED TRAN,,,
ROBBINS PLAZA,NY005011390,218,139,329,253,NY005151,FEDERAL,CONVENTIONAL,New Construction (ELD),,150,150,470,3.13,,162,1,,1,20,12553,0.29,12553,0.29,6773,974866,53.96,558.62,4855905,9568,314.53,E 70TH ST,FIRST AVE,E 71ST ST,SECOND AVE,MANHATTAN,8,12,28,76,5,1975-02-28,,EXCLUSIVELY,,
ROBINSON,NY005012410,241,241,346,346,NY005173,FEDERAL,TURNKEY,New Construction,,188,189,834,4.44,,400,1,,2,8,64945,1.49,64945,1.49,22776,1802766,35.07,268.46,5990000,7068,475.64,E 128TH ST,E 129TH ST,LEXINGTON AVE,PARK AVE,MANHATTAN,11,13,30,68,9,1973-05-31,,,,
ROOSEVELT I,NY005011350,135,135,227,227,NY005054,FEDERAL,CONVENTIONAL,New Construction,,761,763,3575.5,4.7,,1880,6,,6,14-15-18,340000,7.81,340000,7.81,52168,6754320,15.34,240.72,14017427,3914,492.91,KOSCIUSKO ST,PULASKI ST,MARCUS GARVEY BLVD,STUYVESANT AVE,BROOKLYN,3,8,18,"54, 56",36,1964-09-30,,PARTIALLY,,
ROOSEVELT II,NY005011350,177,135,281,227,NY005083,FEDERAL,CONVENTIONAL,New Construction,,342,342,1496,4.37,,741,3,,3,14-15,146506,3.36,146506,3.36,24067,2801874,16.43,220.54,6450218,4312,478.16,LEWIS AVE,STUYVESANT AVE,HART ST,PULASKI ST,BROOKLYN,3,8,18,54,36,1966-12-31,,,,
RUTGERS,NY005020990,99,99,439,439,NY005382,MIXED FINANCE/LLC1,CONVENTIONAL,New Construction,92,721,721,3358.5,4.66,254,1592,5,,5,20,227341,5.22,227341,5.22,39355,5936573,17.31,304.98,14090000,4277,494.47,CHERRY ST,PIKE ST,MADISON ST,RUTGERS ST,MANHATTAN,3,7,26,65,1,1965-03-31,,,,
RUTLAND TOWERS,NY005011670,282,167,508,283,NY005211,FEDERAL,CONVENTIONAL,Rehabilitation,,61,61,221.5,3.63,,103,1,,1,6,19400,0.45,19400,0.45,13470,642963,69.43,228.89,1594181,6727,453.27,EAST NEW YORK AVE,E 91ST ST,E 92ND ST,RUTLAND RD,BROOKLYN,17,9,20,58,41,1977-05-17,,,,
SACK WERN,NY005012800,280,280,506,506,NY005205,FEDERAL,CONVENTIONAL,Rehabilitation,,410,413,1886,4.6,,878,7,1,8,6,226969,5.21,226969,5.21,63056,3782352,27.78,168.52,8699894,4528,492.46,BEACH AVE,TAYLOR AVE,NOBLE AVE,ROSEDALE AVE,BRONX,9,15,34,85,18,1977-05-12,,,,
SAINT MARY'S PARK,NY005020930,93,93,673,673,NY005384,MIXED FINANCE/LLC1,CONVENTIONAL,New Construction,184,1006,1007,4529,4.5,501,2329,6,,6,21,588851,13.52,545801,12.53,57006,8922933,9.68,172.26,16351823,3607,468.24,CAULDWELL AVE,E 156TH ST,WESTCHESTER AVE,TRINITY AVE,BRONX,1,15,"29, 32","79, 84",17,1959-04-30,,,,
SAINT NICHOLAS,NY005000380,38,38,211,211,NY005010,FEDERAL,CONVENTIONAL,New Construction,,1524,1526,7105,4.66,,3552,13,,14,14,680670,15.63,625559,14.36,105458,13112212,15.49,227.26,20560063,2891,487.6,W 127TH ST,DOUGLASS BLVD,POWELL BLVD,W 131ST ST,MANHATTAN,10,13,30,70,9,1954-09-30,,,,
SAMUEL (CITY),NY005023770,377,377,650,650,NY005375,MIXED FINANCE/LLC1,CONVENTIONAL,Rehabilitation,84,664,664,2824,4.25,199,1468,40,2,43,5-6,201872,4.63,201872,4.63,116528,7142241,57.72,317.06,,,598.92,LENOX AVE,W 139TH ST,W 147TH ST,AC POWELL BLVD,MANHATTAN,10,13,30,"70, 71",9,1994-08-31,,,True,
SAMUEL (MHOP) I,NY005013170,389,359,847,847,NY005335,MHOP,CONVENTIONAL,Rehabilitation,,27,53,121.5,4.5,,39,5,,5,5,13819,0.32,13819,0.32,11274,607774,81.58,121.88,4630200,19661,711,W 139TH ST,AC POWELL BLVD,W 141ST ST,LENOX AVE,MANHATTAN,10,13,30,70,9,1994-01-31,,,True,True
SAMUEL (MHOP) II,NY005013170,398,359,871,871,NY005345,MHOP,CONVENTIONAL,Rehabilitation,,5,10,24.5,4.9,,12,1,,1,5,3098,0.07,3098,0.07,2326,114675,75.08,171.43,967700,20160,1011,AC POWELL BLVD,W 139TH ST,LENOX AVE,,MANHATTAN,10,13,30,70,9,1993-07-31,,,True,True
SAMUEL (MHOP) III,NY005013170,399,359,483,483,NY005359,MHOP,CONVENTIONAL,Rehabilitation,,2,10,9,4.5,,4,1,,1,5,5396,0.12,5396,0.12,1599,114675,29.63,33.33,887005,20159,727,AC POWELL BLVD,W 142ND ST,LENOX AVE,,MANHATTAN,10,13,30,71,9,1995-06-30,,,True,True
SARATOGA VILLAGE,NY005011620,158,162,274,269,NY005067,FEDERAL,CONVENTIONAL,New Construction,,125,125,562.5,4.5,,322,1,,1,16,54935,1.26,54935,1.26,6911,1037975,12.58,255.56,2334676,4147,541.27,SARATOGA AVE,HANCOCK ST,HALSEY ST,,BROOKLYN,16,8,18,55,41,1966-12-31,,,,
SEDGWICK,NY005010450,45,45,368,368,NY005183B,FEDERAL,CONVENTIONAL,New Construction,,783,786,3316.5,4.24,,1510,7,,7,14-15,319008,7.32,319008,7.32,59598,6642484,18.68,206.28,8397841,2529,440.12,UNDERCLIFF AVE,W 174TH ST,UNIVERSITY AVE,,BRONX,5,13,29,77,16,1951-03-23,1972/06/29-FED TRAN,,,
SEWARD PARK EXTENSION,NY005011000,192,100,312,312,NY005100,FEDERAL,CONVENTIONAL,New Construction,,360,360,1591,4.42,,797,2,2,5,23,90637,2.08,90637,2.08,23922,3370430,26.39,383.17,11871465,7394,485.67,BROOME ST,NORFOLK ST,GRAND ST,ESSEX ST,MANHATTAN,3,12,26,65,1,1973-10-31,,,,
SHEEPSHEAD BAY,NY005010360,36,36,314,314,NY005114B,FEDERAL,CONVENTIONAL,New Construction,,1054,1056,4911,4.66,,2435,18,,36,6,1036600,23.8,953637,21.89,159727,10080777,15.41,102.31,12596000,2573,492.12,AVENUE X,BATCHELDER ST,AVENUE V,NOSTRAND AVE,BROOKLYN,15,9,19,41,46,1950-08-08,1968/08/29-FED TRAN,,,
SHELTON HOUSE,NY005010910,279,91,505,240,NY005203,FEDERAL,CONVENTIONAL,Rehabilitation (ELD),,153,155,475.5,3.11,,168,1,,1,12,21844,0.5,21844,0.5,14991,1287831,68.63,336,3615000,7061,342.17,162ND ST,89TH AVE,163RD ST,JAMAICA AVE,QUEENS,12,5,14,32,24,1978-10-31,,EXCLUSIVELY,True,
SMITH,NY005000270,27,27,531,531,NY005220B,FEDERAL,CONVENTIONAL,New Construction,,1934,1935,8987,4.65,,4238,12,,12,17,947493,21.75,806175,18.51,126462,15937490,13.35,194.85,29083000,3270,508.55,MADISON ST,CATHERINE ST,SOUTH ST,SAINT JAMES PL,MANHATTAN,3,7,26,65,1,1953-04-27,1978/07/01-ATP 3,,,
SOTOMAYOR HOUSES,NY005010670,67,67,222,222,NY005022,FEDERAL,CONVENTIONAL,New Construction,,1497,1497,6971.5,4.66,,3444,28,3,31,7,1340519,30.77,1340519,30.77,190435,12238008,14.21,111.93,17963549,2564,484.55,WATSON AVE,BRUCKNER BLVD,SOUNDVIEW AVE,LELAND AVE,BRONX,9,15,32,85,18,1955-02-28,,,,
SOUNDVIEW,NY005000710,71,71,537,537,NY005220H,FEDERAL,CONVENTIONAL,New Construction,,1258,1259,5863,4.66,,3008,13,2,28,7,1076761,24.72,1076761,24.72,164048,10481330,14.32,121.68,13445000,2308,453.29,ROSEDALE AVE,LACOMBE AVE,BRONX RIVER AVE,SOUNDVIEW PK,BRONX,9,15,32,85,18,1954-10-29,1978/07/01-ATP 3,,,
SOUTH BEACH,NY005010350,35,35,315,315,NY005114C,FEDERAL,CONVENTIONAL,New Construction,,421,422,1936.5,4.6,,932,8,,15,6,708283,16.26,638737,14.66,68084,3921651,9.61,57.32,5377000,2795,435.56,KRAMER ST,LAMPORT BLVD,REID AVE,PARKINSON AVE,STATEN ISLAND,2,11,23,64,50,1950-03-20,1968/08/29-FED TRAN,,,
SOUTH BRONX AREA (SITE 402),NY005013420,305,342,550,753,NY005224,FEDERAL,TURNKEY,New Construction,,112,114,592,5.29,,414,4,,19,3,149500,3.43,149500,3.43,41764,1301202,27.94,120.7,8902455,14764,609.29,E 158TH ST,E 161ST ST,CAULDWELL AVE,EAGLE AVE,BRONX,1,15,32,79,17,1988-05-01,,,True,
SOUTH JAMAICA I,NY005010080,8,8,206,206,NY005004,FEDERAL,CONVENTIONAL,New Construction,,448,448,1797,4.01,,887,11,1,33,3-4,392989,9.02,392989,9.02,82310,2940659,20.94,98.34,2117392,1182,451.22,158TH ST,SOUTH RD,160TH ST,109TH AVE,QUEENS,12,5,"10, 14",32,28,1940-08-01,,,,
SOUTH JAMAICA II,NY005010080,66,8,220,206,NY005018,FEDERAL,CONVENTIONAL,New Construction,,599,600,2815.5,4.7,,1491,16,,27,3-7,579217,13.3,579217,13.36,116506,5268542,20.11,112.11,8541145,3030,496.54,SOUTH RD,160TH ST,BRINKERHOFF AVE,158TH ST,QUEENS,12,5,"10, 14",32,28,1954-10-25,,,,
STANTON STREET,NY005013590,559,359,841,840,NY005326,FEDERAL,TURNKEY,New Construction,,13,13,66.5,5.12,,39,1,,1,6,5000,0.11,5000,0.11,3600,,72,354.55,4561538,68595,403,ATTORNEY ST,STANTON ST,RIDGE ST,,MANHATTAN,3,12,26,65,1,2003-12-01,,,True,True
STAPLETON,NY005021140,114,114,436,436,NY005383,MIXED FINANCE/LLC1,CONVENTIONAL,New Construction,94,693,693,3358.5,4.85,316,2125,6,1,12,"1, 8",734857,16.87,611147,14.03,76976,6441281,10.47,125.96,12271000,3654,469.63,BROAD & HILL STS,TOMPKINS AVE,WARREN ST,GORDON ST,STATEN ISLAND,1,11,23,61,49,1962-05-31,,,,
STEBBINS AVENUE-HEWITT PLACE,NY005013420,353,342,770,753,NY005280,FEDERAL,TURNKEY,New Construction,,119,120,535.5,4.5,,280,2,,14,3,123156,2.83,123156,2.83,42267,1098942,34.32,98.94,8851338,16391,549.34,HEWITT PL,WESTCHESTER AVE,REV JAMES A POLITE AVE,DAWSON ST,BRONX,2,15,32,85,17,1987-04-17,,,True,
STERLING PLACE REHABS (SAINT JOHNS-STERLING),NY005013510,366,351,801,765,NY005250,FEDERAL,TURNKEY,Rehabilitation,,83,83,440.5,5.31,,292,5,,5,4,49149,1.13,49149,1.13,28039,1312849,57.05,258.41,9091865,20640,647.07,SAINT JOHNS & PARK PLS,STERLING PL,BUFFALO & UTICA AVES,RALPH AVE,BROOKLYN,8,9,"20, 25",55,"36, 41",1991-05-11,,,True,
STERLING PLACE REHABS (STERLING-BUFFALO),NY005013510,368,351,837,765,NY005305,FEDERAL,TURNKEY,Rehabilitation,,125,125,593.5,4.75,,352,7,,7,4,48928,1.12,48928,1.12,36119,1656285,73.82,314.29,12235716,20616,536.21,SAINT JOHNS & PARK PLS,STERLING PL,BUFFALO & UTICA AVES,RALPH AVE,BROOKLYN,8,9,"20, 25",55,"36, 41",1991-05-11,,,True,
STRAUS,NY005011530,153,153,263,263,NY005063,FEDERAL,CONVENTIONAL,New Construction,,267,267,1162.5,4.35,,549,2,,2,19-20,46018,1.06,46018,1.06,12476,2133126,27.11,517.92,5442401,4674,496.8,THIRD AVE,E 28TH ST,SECOND AVE,E 27TH ST,MANHATTAN,6,12,28,74,2,1965-01-31,,,,
STUYVESANT GARDENS I,NY005012210,221,221,337,337,NY005133,FEDERAL,TURNKEY,New Construction,,329,331,1614.5,4.91,,848,5,,25,4,202058,4.64,202058,4.64,92431,3341149,45.74,182.76,10070462,6212,557.9,QUINCY ST,MALCOLM X BLVD,MONROE ST,LEWIS AVE,BROOKLYN,3,8,25,56,36,1972-08-31,,,,
STUYVESANT GARDENS II,NY005012210,333,221,755,755,NY005269,FEDERAL,TURNKEY,New Construction (ELD),,150,150,525,3.5,,157,1,,1,7,70050,1.61,70050,1.61,16458,1044874,23.49,97.52,9991893,19032,380.77,QUINCY ST,MALCOLM X BLVD,MONROE ST,STUYVESANT AVE,BROOKLYN,3,8,25,56,36,1986-02-28,,EXCLUSIVELY,True,
SUMNER,NY005010730,73,73,538,538,NY005220I,FEDERAL,CONVENTIONAL,New Construction,,1096,1099,5000,4.56,,2390,13,,24,7-12,963265,22.11,905577,20.79,131812,8881677,13.68,108.1,18007000,3608,497.65,PARK AVE,LEWIS AVE,MYRTLE AVE,THROOP AVE,BROOKLYN,3,8,18,56,36,1958-05-14,1978/07/01-ATP 3,,,
SURFSIDE GARDENS,NY005011700,170,170,278,278,NY005087,FEDERAL,CONVENTIONAL,New Construction,,598,600,2567,4.29,,1178,5,,5,14-15,323050,7.42,323050,7.42,36810,5005316,11.39,158.76,13577964,5261,417.62,W 31ST ST,NEPTUNE AVE,W 33RD ST,SURF AVE,BROOKLYN,13,8,23,46,47,1969-06-30,,PARTIALLY,,
SUTTER AVENUE-UNION STREET,NY005011670,369,167,807,203,NY005311,FEDERAL,TURNKEY,Rehabilitation,,100,100,467,4.67,,257,3,,3,4-6,37500,0.86,37500,0.86,21424,1011839,57.13,298.84,9370007,20064,508.86,SUTTER AVE,UNION STREET,EAST NEW YORK AVE,,BROOKLYN,16,9,20,55,41,1995-08-31,,,True,
TAFT,NY005010970,97,97,261,261,NY005064,FEDERAL,CONVENTIONAL,New Construction,,1464,1470,6602,4.51,,3218,9,1,19,19,537645,12.34,537645,12.34,105527,13161342,19.63,260.78,28867029,4367,526.65,E 112TH ST,E 115TH ST,PARK AVE,FIFTH AVE,MANHATTAN,11,13,30,68,"08, 09",1962-12-31,,,,
TAPSCOTT STREET REHAB,NY005011670,354,167,775,763,NY005278,FEDERAL,TURNKEY,Rehabilitation,,155,155,687.5,4.44,,365,8,,8,4,64755,1.49,64755,1.49,37312,1679040,57.62,244.97,10106270,14721,534.99,SUTTER AVE,GRAFTON ST,DUMONT AVE,UNION ST,BROOKLYN,16,9,20,55,41,1986-01-24,,,True,
TAYLOR STREET-WYTHE AVENUE,NY005012340,234,234,358,358,NY005141,FEDERAL,TURNKEY,New Construction,,525,525,2465.5,4.7,,1259,5,1,6,8-11-12-13,183100,4.2,183100,4.2,57205,5051383,31.24,299.76,20178024,8118,438.91,WYTHE AVE,CLYMER ST,ROSS ST,,BROOKLYN,1,7,18,50,33,1974-06-30,,,,
TELLER AVENUE-EAST 166TH STREET,NY005013080,223,308,344,344,NY005163,FEDERAL,TURNKEY,New Construction,,90,90,352,3.91,,175,1,,1,6,27481,0.63,27481,0.63,12354,816812,44.95,277.78,2296895,6363,376.3,TELLER AVE,E 167TH ST,CLAY AVE,E 166TH ST,BRONX,4,15,32,77,16,1971-09-30,,,,
THOMAS APARTMENTS,NY005011270,268,127,387,259,NY005192,FEDERAL,TURNKEY,New Construction (ELD),,87,87,304.5,3.5,,97,1,,1,11,9410,0.22,9410,0.22,6641,652000,70.57,440.91,11188636,36744,351.2,W 90TH ST,AMSTERDAM AVE,W 91ST ST,COLUMBUS AVE,MANHATTAN,7,10,30,69,6,1994-08-31,,EXCLUSIVELY,True,
THROGGS NECK,NY005010630,63,63,218,218,NY005015,FEDERAL,CONVENTIONAL,New Construction,,1182,1185,5423,4.59,,2713,29,2,66,3-7,1430081,32.83,1430081,32.83,228989,11440850,16.01,82.64,15541569,2859,506.79,RANDALL AVE,CALHOUN AVE,SAMPSON AVE,BALCOM AVE,BRONX,10,14,34,82,13,1953-11-27,,,,
THROGGS NECK ADDITION,NY005010630,193,63,303,218,NY005098,FEDERAL,CONVENTIONAL,New Construction,,286,287,1327,4.64,,713,4,,4,8-11,384899,8.84,384899,8.84,39315,2755918,10.21,80.66,7405898,5523,507.94,DEWEY AVE,BALCOLM AVE,RANDALL AVE,THROGGS NECK HOUSES,BRONX,10,14,34,82,13,1971-09-30,,,,
TILDEN,NY005000720,96,96,233,233,NY005034,FEDERAL,CONVENTIONAL,New Construction,,998,998,4750,4.76,,2600,8,1,9,16,465764,10.69,465764,10.69,66416,8888637,14.26,243.22,14827430,3122,479.18,DUMONT AVE,MOTHER GASTON BLVD,LIVONIA AVE,ROCKAWAY AVE,BROOKLYN,16,9,20,55,41,1961-06-30,,,,
TODT HILL,NY005000520,42,52,583,583,NY005268A,FEDERAL,CONVENTIONAL,New Construction,,502,502,2174,4.33,,1007,7,,14,6,581056,13.34,532084,12.21,79116,4454900,13.62,75.49,6509155,2994,511.37,MANOR RD,SCHMIDTS LA,LAGUARDIA AVE,WESTWOOD AVE,STATEN ISLAND,2,11,24,63,49,1950-06-01,1980/07/01-ATP 6,,,
TOMPKINS,NY005011310,131,131,246,246,NY005046,FEDERAL,CONVENTIONAL,New Construction,,1045,1046,5218.5,4.99,,2841,8,1,13,8-16,521950,11.98,521950,11.98,94386,9894217,18.08,237.15,18445969,3532,502.69,PARK AVE,THROOP AVE,MYRTLE AVE,TOMPKINS AVE,BROOKLYN,3,8,18,56,36,1964-07-31,,,,
TWIN PARKS EAST (SITE 9),NY005012270,287,227,577,577,NY005227,FEDERAL,CONVENTIONAL,New Construction (ELD),,219,219,689.5,3.15,,230,1,,1,14,71490,1.64,71490,1.64,11388,1505284,15.93,140.24,11406932,16520,303.02,CLINTON AVE,E 180TH ST,PROSPECT AVE,OAKLAND PL,BRONX,6,15,33,79,15,1982-04-30,,EXCLUSIVELY,True,
TWIN PARKS WEST (SITES 1 & 2),NY005012270,227,227,363,363,NY005178,FEDERAL,CONVENTIONAL,New Construction,,311,312,1504.5,4.84,,876,1,,7,16,189384,4.35,189384,4.35,33186,3411979,17.52,201.38,14286716,9424,520.58,WEBSTER AVE,E 182ND ST,TIEBOUT AVE,E 184TH ST,BRONX,5,15,33,86,15,1974-09-30,,,,
TWO BRIDGES URA (SITE 7),NY005010760,266,76,389,221,NY005194,FEDERAL,TURNKEY,New Construction,,250,250,1251,5,,629,1,,1,26,31735,0.73,31735,0.73,13314,2613000,41.95,861.64,10508730,8414,534.55,CLINTON ST,SOUTH ST,CHERRY ST,MONTGOMERY ST,MANHATTAN,3,7,26,65,1,1975-04-30,,,,
UNION AVENUE-EAST 163RD STREET,NY005013420,342,342,753,753,NY005214,FEDERAL,TURNKEY,New Construction (ELD),,199,200,696.5,3.5,,225,1,,1,9,115299,2.65,115299,2.65,18632,1502857,16.16,84.91,12675000,18107,301.55,E 165TH ST,PROSPECT AVE,E 163RD ST,UNION AVE,BRONX,3,15,32,79,17,1985-03-11,,EXCLUSIVELY,True,
UNION AVENUE-EAST 166TH STREET,NY005013420,356,342,768,753,NY005291,FEDERAL,TURNKEY,New Construction,,120,120,539,4.49,,292,6,,20,3,98707,2.27,98707,2.27,38943,1022257,39.45,128.63,9239549,17142,546.26,E 166TH ST,PROSPECT AVE,HOME ST,UNION AVE,BRONX,3,15,32,79,17,1988-09-01,,,True,
"UNITY PLAZA (SITES 17,24,25A)",NY005012610,240,261,348,375,NY005169,FEDERAL,TURNKEY,New Construction,,166,167,761,4.58,,471,3,,3,6,80525,1.85,80525,1.85,27159,2001480,33.73,254.59,5191821,6699,519.17,SUTTER AVE,BLAKE AVE,SHEFFIELD AVE,ALABAMA AVE,BROOKLYN,5,8,19,60,42,1973-11-30,,,,
UNITY PLAZA (SITES 4-27),NY005012610,261,261,318,375,NY005117,FEDERAL,CONVENTIONAL,New Construction,,460,462,2141,4.65,,1228,5,,13,6,249250,5.72,249250,5.72,89543,5304133,35.92,214.69,16798483,7813,496.68,BLAKE ST,SHEFFIELD AVE,DUMONT AVE,HINSDALE ST,BROOKLYN,5,8,19,60,42,1973-09-30,,,,
UNIVERSITY AVENUE REHAB,NY005013410,341,341,762,762,NY005283,FEDERAL,TURNKEY,Rehabilitation,,230,230,1034,4.5,,521,4,,5,6,77898,1.79,77898,1.79,43696,2798894,56.09,291.06,15900000,15377,417,W BURNSIDE AVE,UNIVERSITY AVE,W TREMONT AVE,ANDREWS AVE,BRONX,5,15,29,86,14,1985-01-31,,,True,True
UPACA (SITE 5),NY005012410,343,241,757,760,NY005254,FEDERAL,TURNKEY,New Construction (ELD),,180,200,630,3.5,,188,1,,1,11,63577,1.46,63577,1.46,14325,1434170,22.53,128.77,13369245,19099,287.03,E 121ST ST,LEXINGTON AVE,E 120TH ST,PARK AVE,MANHATTAN,11,13,30,68,9,1986-07-03,,EXCLUSIVELY,True,
UPACA (SITE 6),NY005012410,355,241,760,760,NY005281,FEDERAL,TURNKEY,New Construction (ELD),,150,150,525,3.5,,163,1,,1,12,45362,1.04,45362,1.04,10330,1041895,22.77,156.73,10240710,19506,279.66,E 119TH ST,PARK AVE,E 122ND ST,LEXINGTON AVE,MANHATTAN,11,13,30,68,9,1987-11-30,,EXCLUSIVELY,True,
VAN DYKE I,NY005000610,61,61,216,216,NY005013,FEDERAL,CONVENTIONAL,New Construction,,1603,1603,7402.5,4.62,,3993,22,1,32,"3,14",906484,20.81,844628,19.39,161168,13652083,16.56,191.88,21351730,2884,469.48,SUTTER AVE,POWELL ST,LIVONIA AVE,MOTHER GASTON BLVD,BROOKLYN,16,9,"19, 20",55,41,1955-05-27,,,,
VAN DYKE II,NY005011680,146,182,257,257,NY005055,FEDERAL,CONVENTIONAL,New Construction (ELD),,111,112,413.5,3.73,,132,1,,1,14,40574,0.93,40574,0.93,9017,845622,22.22,141.94,2318317,5546,346.2,DUMONT AVE,POWELL ST,,,BROOKLYN,16,9,19,55,41,1964-04-30,,EXCLUSIVELY,,
VANDALIA AVENUE,NY005011940,315,194,273,273,NY005243,FEDERAL,TURNKEY,New Construction (ELD),,287,293,1032.5,3.6,,326,2,1,3,10,256217,5.88,256217,5.88,33868,2315113,13.22,55.44,20511981,19480,346.6,LOUISIANA AVE,VANDALIA AVE,GEORGIA AVE,FLATLANDS AVE,BROOKLYN,5,8,19,60,42,1983-05-31,,EXCLUSIVELY,True,
VLADECK,NY005010060,6,6,204,204,NY005003,FEDERAL,CONVENTIONAL,New Construction,,1527,1531,6248.5,4.09,,2975,20,,46,6,566414,13,519124,11.92,171144,10617265,30.22,228.85,7994564,1276,471.61,HENRY ST,WATER ST,GOUVERNEUR ST,JACKSON ST,MANHATTAN,3,7,26,65,2,1940-11-25,,,,
VLADECK II,NY005010060,7,6,371,204,NY005181B,FEDERAL,CONVENTIONAL,New Construction,,240,240,1080,4.5,,548,4,,8,6,96933,2.23,96933,2.23,28827,1766160,29.74,245.74,1269490,1175,499.54,MADISON ST,CHERRY ST,JACKSON ST,,MANHATTAN,3,7,26,65,2,1940-10-25,1972/06/29-FED TRAN,,,
WAGNER,NY005010740,74,74,224,224,NY005024,FEDERAL,CONVENTIONAL,New Construction,,2153,2162,10076.5,4.68,,5029,22,1,22,7-16,1172233,26.91,1083783,24.88,150639,16837094,12.85,186.88,32794423,3238,483.34,E 120TH ST,SECOND AVE,E 124TH ST,FDR DRIVE,MANHATTAN,11,13,30,68,8,1958-06-12,,,,
WALD,NY005000230,23,23,511,511,NY005213C,FEDERAL,CONVENTIONAL,New Construction,,1861,1861,8767.5,4.71,,4120,16,2,19,11-14,717071,16.46,694013,15.93,133117,14691881,18.56,250.3,22094000,2561,488.57,FDR DRIVE,AVENUE D,E 6TH ST,E HOUSTON ST,MANHATTAN,3,7,26,74,2,1949-10-14,1977/07/01-ATP 1,,,
WASHINGTON,NY005010620,62,62,217,217,NY005014,FEDERAL,CONVENTIONAL,New Construction,,1515,1515,7053.5,4.66,,3455,14,1,18,"2, 12-14",906988,20.82,822228,18.88,124916,12618161,13.77,165.95,23677092,3357,524.37,E 104TH ST,SECOND AVE,E 97TH ST,THIRD AVE,MANHATTAN,11,13,29,68,8,1957-09-20,,,,
WASHINGTON HEIGHTS REHAB (GROUPS 1&2),NY005013090,293,309,563,341,NY005221,FEDERAL,CONVENTIONAL,Rehabilitation,,215,216,915.5,4.26,,463,5,,6,5-6,57544,1.32,57544,1.32,40754,2421442,70.82,350.76,22610848,24631,454.28,W 176TH ST,AMSTERDAM AVE,W 177TH ST,AUDUBON AVE,MANHATTAN,12,13,31,72,10,1988-05-01,,,True,
WASHINGTON HEIGHTS REHAB PHASE III,NY005010030&NY005013090,"329, 523","003, 309",382,754,NY005284,FEDERAL,TURNKEY,Rehabilitation,,102,102,454,4.45,,227,8,,8,5,29032,0.67,29032,0.67,21549,1292850,74.22,338.81,7175585,15823,441.66,W 156TH ST,BROADWAY,AMSTERDAM AVE,"W 164TH,165TH STS",MANHATTAN,12,13,31,"71, 72","07, 10",1987-11-30,,,True,
WASHINGTON HEIGHTS REHAB PHASE III,NY005013090,523,309,756,341,NY005284,FEDERAL,TURNKEY,Rehabilitation,,88,88,391,4.44,,195,7,,7,5,25086,0.58,25086,0.58,18156,1113273,72.38,336.21,6178887,15823,435.98,W 163RD ST,W 164TH ST,W 165TH ST,AMSTERDAM AVE,MANHATTAN,12,13,31,"71, 72","07, 10",1987-11-30,,,,
WASHINGTON HEIGHTS REHAB PHASE III,NY005010030,329,3,382,754,NY005284,FEDERAL,TURNKEY,Rehabilitation,,14,14,63,4.5,,32,1,,1,5,3946,0.09,3946,0.09,3393,179577,85.99,355.56,996698,15821,477,W 156TH ST,BROADWAY,AMSTERDAM AVE,,MANHATTAN,12,13,31,71,7,1987-11-30,,,,
WASHINGTON HEIGHTS REHAB PHASE IV (C),NY005013090,330,309,788,341,NY005228,FEDERAL,CONVENTIONAL,Rehabilitation,,32,32,129,4.03,,72,2,,2,5,8593,0.2,8593,0.2,6012,323625,69.96,360,3052119,23660,409.88,W 176TH ST,AMSTERDAM AVE,W 177TH ST,AUDUBON AVE,MANHATTAN,12,13,31,72,10,1990-10-01,,,True,
WASHINGTON HEIGHTS REHAB PHASE IV (D),NY005013090,331,309,789,341,NY005229,FEDERAL,CONVENTIONAL,Rehabilitation,,32,32,132,4.13,,71,2,,2,5,8743,0.2,8743,0.2,6127,329815,70.08,355,3007393,22783,476.03,W 176TH ST,AMSTERDAM AVE,,AUDUBON AVE,MANHATTAN,12,13,31,72,10,1990-07-01,,,True,
WEBSTER,NY005011410,141,141,231,231,NY005028,FEDERAL,CONVENTIONAL,New Construction,,606,606,2831,4.67,,1602,5,1,6,21,197199,4.53,197199,4.53,31247,5322369,15.85,353.64,12227114,4319,442.71,E 169TH ST,PARK AVE,E 168TH ST,WEBSTER AVE,BRONX,3,15,32,79,16,1965-09-30,,,,
WEEKSVILLE GARDENS,NY005010310,229,31,357,357,NY005132,FEDERAL,TURNKEY,New Construction,,256,257,1285,5.02,,793,2,,14,4-5,141365,3.25,141365,3.25,63228,2929695,44.73,244,7871249,6073,523.74,PACIFIC ST,SCHENECTADY AVE,DEAN ST,TROY AVE,BROOKLYN,8,8,25,56,36,1974-04-30,,,,
WEST BRIGHTON I,NY005010130,116,13,242,209,NY005040,FEDERAL,CONVENTIONAL,New Construction,,488,490,2343,4.8,,1402,8,1,9,8,367961,8.45,367961,8.45,65839,4850947,17.89,165.92,9893117,4204,464.22,CASTLETON AVE,HENDERSON AVE,ALASKA ST,BROADWAY,STATEN ISLAND,1,11,23,61,49,1962-12-31,,,,
WEST BRIGHTON II,NY005010130,175,13,242,209,NY005040,FEDERAL,CONVENTIONAL,New Construction (ELD),,144,144,466,3.24,,99,8,,8,1,181770,4.17,181770,4.17,67228,758927,36.99,23.74,2825000,6036,321.41,CASTLETON AVE,ALASKA ST,BROADWAY,,STATEN ISLAND,1,11,23,61,49,1965-12-31,,EXCLUSIVELY,,
WEST FARMS ROAD REHAB,NY005015300,360,530,780,780,NY005286,FEDERAL,TURNKEY,Rehabilitation,,208,208,883,4.25,,455,4,,7,6,51965,1.19,51965,1.19,34935,2104200,67.23,382.35,14480678,16399,479.13,FREEMAN ST,JENNINGS ST,WEST FARMS RD,LONGFELLOW AVE,BRONX,"2, 3",15,32,85,17,1986-08-13,,,True,True
WEST FARMS SQUARE CONVENTIONAL,NY005015310,526,530,481,482,NY005318,FEDERAL,CONVENTIONAL,Rehabilitation,,20,20,85,4.25,,50,1,,1,5,5000,0.11,5000,0.11,3363,202892,67.26,454.55,1558811,18339,503.75,E 167TH ST,LONGFELLOW AVE,WEST FARMS RD,,BRONX,3,15,32,85,17,1994-06-30,,,True,True
WEST TREMONT AVENUE-SEDGWICK AVENUE AREA,NY005010450,246,45,365,368,NY005180,FEDERAL,TURNKEY,New Construction (ELD),,148,148,485,3.28,,161,1,,1,12,36563,0.84,36563,0.84,9609,982251,26.28,191.67,4380000,8734,265.84,W TREMONT AVE,MONTGOMERY AVE,PALISADE PL,SEDGWICK AVE,BRONX,5,15,29,77,14,1973-07-31,,EXCLUSIVELY,,
WHITE,NY005010090,124,112,572,539,NY005244E,FEDERAL,CONVENTIONAL,New Construction (ELD),,247,248,736.5,2.98,,256,1,,1,20,35321,0.81,35321,0.81,23400,1778327,66.25,316.05,4305000,5794,300.38,E 104TH ST,SECOND AVE,,,MANHATTAN,11,13,29,68,8,1964-09-30,1979/08/01-ATP 4,EXCLUSIVELY,,
WHITMAN,NY005005140,514,514,509,509,NY005213A,FEDERAL,CONVENTIONAL,New Construction,,1651,1659,7832.5,4.74,,3909,15,3,48,7-13,803058,18.44,744421,17.09,156524,9769048,19.49,211.98,10341328,1655,505.57,PARK AVE,CARLTON AVE,MYRTLE AVE,SAINT EDWARDS ST,BROOKLYN,2,8,25,57,35,1944-02-24,1977/07/01-ATP 1,,,
WILLIAMS PLAZA,NY005021280,128,128,443,443,NY005385,MIXED FINANCE/LLC2,CONVENTIONAL,New Construction,77,577,577,2652.5,4.6,197,1341,5,,5,14-21,242859,5.58,242859,5.58,39895,5239694,16.43,240.32,11631000,4390,442.31,ROEBLING ST,BROADWAY,DIVISION AVE,MARCY AVE,BROOKLYN,1,7,18,50,33,1964-04-30,,,,
WILLIAMSBURG,NY005000020,2,2,200,200,NY005041,FEDERAL,CONVENTIONAL,New Construction,,1628,1630,6532,4.01,,3118,20,1,137,4,1016895,23.34,927103,21.28,326716,14056383,32.13,133.59,13063992,2266,459.14,LEONARD ST,BUSHWICK AVE,MAUJER ST,SCHOLES ST,BROOKLYN,1,7,18,53,34,1938-04-10,,,,
WILSON,NY005010090,112,112,539,539,NY005220J,FEDERAL,CONVENTIONAL,New Construction,,398,398,2225,5.59,,1262,3,,3,20,133188,3.06,133188,3.06,22499,3961200,16.89,412.42,7162000,3219,575.9,FDR DRIVE,E 105TH ST,FIRST AVE,E 106TH ST,MANHATTAN,11,13,30,68,8,1961-06-30,1978/07/01-ATP 3,,,
WISE TOWERS,NY005021270,127,127,445,445,NY005386,MIXED FINANCE/LLC2,CONVENTIONAL,New Construction,79,395,399,1730.5,4.38,186,762,2,1,5,19,100247,2.3,100247,2.3,34702,3685586,34.62,331.3,7774000,4441,499.27,W 90TH ST,W 91ST ST,COLUMBUS AVE,AMSTERDAM AVE,MANHATTAN,7,10,30,69,6,1965-01-31,,,,
WOODSIDE,NY005000330,33,33,316,316,NY005114D,FEDERAL,CONVENTIONAL,New Construction,,1356,1357,6326,4.67,,2961,20,,55,6,971398,22.3,971398,22.3,186009,10715226,19.15,132.78,13777000,2251,539.62,49TH ST,51ST ST,31ST AVE,NEWTON RD,QUEENS,1,14,13,30,26,1949-12-30,1968/08/29-FED TRAN,,,
WOODSON,NY005011680,182,182,285,257,NY005084,FEDERAL,CONVENTIONAL,New Construction (ELD),,407,407,1419.5,3.49,,435,2,,2,10-25,140000,3.21,100000,2.3,24456,2792393,17.47,135.51,8225987,5785,294.2,BLAKE AVE,LIVONIA AVE,POWELL ST,JUNIUS ST,BROOKLYN,16,8,19,55,42,1970-08-31,,EXCLUSIVELY,,
WSUR (BROWNSTONES),NY005011270,178,127,279,259,NY005052K,FEDERAL,CONVENTIONAL,Rehabilitation,,236,236,784,3.32,,339,36,,36,3-4,67637,1.55,67637,1.55,41422,2308080,61.24,218.71,4190975,4936,449.04,W 89TH & 90TH STS,91ST & 93RD STS,COLUMBUS AVE,CENTRAL PARK WEST,MANHATTAN,7,10,30,69,6,1968-06-30,,,,
WSUR (SITE A) 120 WEST 94TH STREET,NY005011270,151,127,259,259,NY005056,FEDERAL,CONVENTIONAL,New Construction,,70,70,307,4.39,,146,1,,1,9,22763,0.52,22763,0.52,6811,613400,29.92,280.77,,,614.63,120 W 94TH ST,AMSTERDAM AVE,,,MANHATTAN,7,10,30,69,6,1965-09-30,,,,
WSUR (SITE B) 74 WEST 92ND STREET,NY005011270,173,127,259,259,NY005056,FEDERAL,CONVENTIONAL,New Construction,,168,168,735,4.38,,319,1,,1,22,25176,0.58,25176,0.58,13176,1575535,52.34,550,7228361,4167,499.16,74 W 92ND ST,COLUMBUS AVE,,,MANHATTAN,7,10,30,69,6,1965-09-30,,,,
WSUR (SITE C) 589 AMSTERDAM AVENUE,NY005011270,174,127,259,259,NY005056,FEDERAL,CONVENTIONAL,New Construction,,158,158,690,4.37,,351,1,,1,18,25131,0.58,25131,0.58,7891,1363220,31.4,605.17,,,495.3,589 AMSTERDAM AVE,W 88TH ST,W 89TH ST,,MANHATTAN,7,10,29,69,6,1965-09-30,,,,
WYCKOFF GARDENS,NY005011630,163,163,272,272,NY005074,FEDERAL,CONVENTIONAL,New Construction,,528,529,2434,4.61,,1175,3,,3,21,253000,5.81,253000,5.81,31158,4724612,12.32,202.24,10130155,4149,500.23,THIRD AVE,NEVINS ST,WYCKOFF ST,BALTIC ST,BROOKLYN,6,7,25,52,33,1966-12-31,,,,
